"Correlation_Id","Dispatch_Id","Agent_Id","Queue_Id","Process_Id","Thread_Id","Grid_Size","Kernel_Id","Kernel_Name","Workgroup_Size","LDS_Block_Size","Scratch_Size","VGPR_Count","Accum_VGPR_Count","SGPR_Count","Counter_Name","Counter_Value","Start_Timestamp","End_Timestamp"
1,1,"Agent 1",1,20349,20349,8192,85,"Cijk_Ailk_Bljk_SB_MT128x64x8_SN_AMAS0_BL0_BS1_GLVWA1_GLVWB1_GRVW1_GSU1_GSUASB_K1_LRVW1_NLCA1_NLCB1_PGR0_PLR0_SIA1_SU32_SUS256_SVW4_TT8_4_USFGRO0_VAW1_VS1_VW1_VWB1_WG16_16_1_WGM8",256,6144,0,72,0,128,"GRBM_GUI_ACTIVE",192725.000000,2402211856828,2402211979818
1,1,"Agent 1",1,20349,20349,8192,85,"Cijk_Ailk_Bljk_SB_MT128x64x8_SN_AMAS0_BL0_BS1_GLVWA1_GLVWB1_GRVW1_GSU1_GSUASB_K1_LRVW1_NLCA1_NLCB1_PGR0_PLR0_SIA1_SU32_SUS256_SVW4_TT8_4_USFGRO0_VAW1_VS1_VW1_VWB1_WG16_16_1_WGM8",256,6144,0,72,0,128,"SQ_BUSY_CYCLES",358791.000000,2402211856828,2402211979818
1,1,"Agent 1",1,20349,20349,8192,85,"Cijk_Ailk_Bljk_SB_MT128x64x8_SN_AMAS0_BL0_BS1_GLVWA1_GLVWB1_GRVW1_GSU1_GSUASB_K1_LRVW1_NLCA1_NLCB1_PGR0_PLR0_SIA1_SU32_SUS256_SVW4_TT8_4_USFGRO0_VAW1_VS1_VW1_VWB1_WG16_16_1_WGM8",256,6144,0,72,0,128,"SQ_INSTS_VALU",4593152.000000,2402211856828,2402211979818
1,1,"Agent 1",1,20349,20349,8192,85,"Cijk_Ailk_Bljk_SB_MT128x64x8_SN_AMAS0_BL0_BS1_GLVWA1_GLVWB1_GRVW1_GSU1_GSUASB_K1_LRVW1_NLCA1_NLCB1_PGR0_PLR0_SIA1_SU32_SUS256_SVW4_TT8_4_USFGRO0_VAW1_VS1_VW1_VWB1_WG16_16_1_WGM8",256,6144,0,72,0,128,"SQ_WAVES",256.000000,2402211856828,2402211979818
2,2,"Agent 1",1,20349,20349,8192,85,"Cijk_Ailk_Bljk_SB_MT128x64x8_SN_AMAS0_BL0_BS1_GLVWA1_GLVWB1_GRVW1_GSU1_GSUASB_K1_LRVW1_NLCA1_NLCB1_PGR0_PLR0_SIA1_SU32_SUS256_SVW4_TT8_4_USFGRO0_VAW1_VS1_VW1_VWB1_WG16_16_1_WGM8",256,6144,0,72,0,128,"GRBM_GUI_ACTIVE",185548.000000,2402212166607,2402212285189
2,2,"Agent 1",1,20349,20349,8192,85,"Cijk_Ailk_Bljk_SB_MT128x64x8_SN_AMAS0_BL0_BS1_GLVWA1_GLVWB1_GRVW1_GSU1_GSUASB_K1_LRVW1_NLCA1_NLCB1_PGR0_PLR0_SIA1_SU32_SUS256_SVW4_TT8_4_USFGRO0_VAW1_VS1_VW1_VWB1_WG16_16_1_WGM8",256,6144,0,72,0,128,"SQ_BUSY_CYCLES",353868.000000,2402212166607,2402212285189
2,2,"Agent 1",1,20349,20349,8192,85,"Cijk_Ailk_Bljk_SB_MT128x64x8_SN_AMAS0_BL0_BS1_GLVWA1_GLVWB1_GRVW1_GSU1_GSUASB_K1_LRVW1_NLCA1_NLCB1_PGR0_PLR0_SIA1_SU32_SUS256_SVW4_TT8_4_USFGRO0_VAW1_VS1_VW1_VWB1_WG16_16_1_WGM8",256,6144,0,72,0,128,"SQ_INSTS_VALU",4593152.000000,2402212166607,2402212285189
2,2,"Agent 1",1,20349,20349,8192,85,"Cijk_Ailk_Bljk_SB_MT128x64x8_SN_AMAS0_BL0_BS1_GLVWA1_GLVWB1_GRVW1_GSU1_GSUASB_K1_LRVW1_NLCA1_NLCB1_PGR0_PLR0_SIA1_SU32_SUS256_SVW4_TT8_4_USFGRO0_VAW1_VS1_VW1_VWB1_WG16_16_1_WGM8",256,6144,0,72,0,128,"SQ_WAVES",256.000000,2402212166607,2402212285189
3,3,"Agent 1",1,20349,20349,8192,85,"Cijk_Ailk_Bljk_SB_MT128x64x8_SN_AMAS0_BL0_BS1_GLVWA1_GLVWB1_GRVW1_GSU1_GSUASB_K1_LRVW1_NLCA1_NLCB1_PGR0_PLR0_SIA1_SU32_SUS256_SVW4_TT8_4_USFGRO0_VAW1_VS1_VW1_VWB1_WG16_16_1_WGM8",256,6144,0,72,0,128,"GRBM_GUI_ACTIVE",179341.000000,2402212337848,2402212452703
3,3,"Agent 1",1,20349,20349,8192,85,"Cijk_Ailk_Bljk_SB_MT128x64x8_SN_AMAS0_BL0_BS1_GLVWA1_GLVWB1_GRVW1_GSU1_GSUASB_K1_LRVW1_NLCA1_NLCB1_PGR0_PLR0_SIA1_SU32_SUS256_SVW4_TT8_4_USFGRO0_VAW1_VS1_VW1_VWB1_WG16_16_1_WGM8",256,6144,0,72,0,128,"SQ_BUSY_CYCLES",342394.000000,2402212337848,2402212452703
3,3,"Agent 1",1,20349,20349,8192,85,"Cijk_Ailk_Bljk_SB_MT128x64x8_SN_AMAS0_BL0_BS1_GLVWA1_GLVWB1_GRVW1_GSU1_GSUASB_K1_LRVW1_NLCA1_NLCB1_PGR0_PLR0_SIA1_SU32_SUS256_SVW4_TT8_4_USFGRO0_VAW1_VS1_VW1_VWB1_WG16_16_1_WGM8",256,6144,0,72,0,128,"SQ_INSTS_VALU",4593152.000000,2402212337848,2402212452703
3,3,"Agent 1",1,20349,20349,8192,85,"Cijk_Ailk_Bljk_SB_MT128x64x8_SN_AMAS0_BL0_BS1_GLVWA1_GLVWB1_GRVW1_GSU1_GSUASB_K1_LRVW1_NLCA1_NLCB1_PGR0_PLR0_SIA1_SU32_SUS256_SVW4_TT8_4_USFGRO0_VAW1_VS1_VW1_VWB1_WG16_16_1_WGM8",256,6144,0,72,0,128,"SQ_WAVES",256.000000,2402212337848,2402212452703
4,4,"Agent 1",1,20349,20349,8192,85,"Cijk_Ailk_Bljk_SB_MT128x64x8_SN_AMAS0_BL0_BS1_GLVWA1_GLVWB1_GRVW1_GSU1_GSUASB_K1_LRVW1_NLCA1_NLCB1_PGR0_PLR0_SIA1_SU32_SUS256_SVW4_TT8_4_USFGRO0_VAW1_VS1_VW1_VWB1_WG16_16_1_WGM8",256,6144,0,72,0,128,"GRBM_GUI_ACTIVE",188183.000000,2402212597254,2402212717599
4,4,"Agent 1",1,20349,20349,8192,85,"Cijk_Ailk_Bljk_SB_MT128x64x8_SN_AMAS0_BL0_BS1_GLVWA1_GLVWB1_GRVW1_GSU1_GSUASB_K1_LRVW1_NLCA1_NLCB1_PGR0_PLR0_SIA1_SU32_SUS256_SVW4_TT8_4_USFGRO0_VAW1_VS1_VW1_VWB1_WG16_16_1_WGM8",256,6144,0,72,0,128,"SQ_BUSY_CYCLES",359163.000000,2402212597254,2402212717599
4,4,"Agent 1",1,20349,20349,8192,85,"Cijk_Ailk_Bljk_SB_MT128x64x8_SN_AMAS0_BL0_BS1_GLVWA1_GLVWB1_GRVW1_GSU1_GSUASB_K1_LRVW1_NLCA1_NLCB1_PGR0_PLR0_SIA1_SU32_SUS256_SVW4_TT8_4_USFGRO0_VAW1_VS1_VW1_VWB1_WG16_16_1_WGM8",256,6144,0,72,0,128,"SQ_INSTS_VALU",4593152.000000,2402212597254,2402212717599
4,4,"Agent 1",1,20349,20349,8192,85,"Cijk_Ailk_Bljk_SB_MT128x64x8_SN_AMAS0_BL0_BS1_GLVWA1_GLVWB1_GRVW1_GSU1_GSUASB_K1_LRVW1_NLCA1_NLCB1_PGR0_PLR0_SIA1_SU32_SUS256_SVW4_TT8_4_USFGRO0_VAW1_VS1_VW1_VWB1_WG16_16_1_WGM8",256,6144,0,72,0,128,"SQ_WAVES",256.000000,2402212597254,2402212717599
5,5,"Agent 1",1,20349,20349,32768,85,"Cijk_Ailk_Bljk_SB_MT128x64x8_SN_AMAS0_BL0_BS1_GLVWA1_GLVWB1_GRVW1_GSU1_GSUASB_K1_LRVW1_NLCA1_NLCB1_PGR0_PLR0_SIA1_SU32_SUS256_SVW4_TT8_4_USFGRO0_VAW1_VS1_VW1_VWB1_WG16_16_1_WGM8",256,6144,0,72,0,128,"GRBM_GUI_ACTIVE",879397.000000,2402221948649,2402222532703
5,5,"Agent 1",1,20349,20349,32768,85,"Cijk_Ailk_Bljk_SB_MT128x64x8_SN_AMAS0_BL0_BS1_GLVWA1_GLVWB1_GRVW1_GSU1_GSUASB_K1_LRVW1_NLCA1_NLCB1_PGR0_PLR0_SIA1_SU32_SUS256_SVW4_TT8_4_USFGRO0_VAW1_VS1_VW1_VWB1_WG16_16_1_WGM8",256,6144,0,72,0,128,"SQ_BUSY_CYCLES",1685223.000000,2402221948649,2402222532703
5,5,"Agent 1",1,20349,20349,32768,85,"Cijk_Ailk_Bljk_SB_MT128x64x8_SN_AMAS0_BL0_BS1_GLVWA1_GLVWB1_GRVW1_GSU1_GSUASB_K1_LRVW1_NLCA1_NLCB1_PGR0_PLR0_SIA1_SU32_SUS256_SVW4_TT8_4_USFGRO0_VAW1_VS1_VW1_VWB1_WG16_16_1_WGM8",256,6144,0,72,0,128,"SQ_INSTS_VALU",36198400.000000,2402221948649,2402222532703
5,5,"Agent 1",1,20349,20349,32768,85,"Cijk_Ailk_Bljk_SB_MT128x64x8_SN_AMAS0_BL0_BS1_GLVWA1_GLVWB1_GRVW1_GSU1_GSUASB_K1_LRVW1_NLCA1_NLCB1_PGR0_PLR0_SIA1_SU32_SUS256_SVW4_TT8_4_USFGRO0_VAW1_VS1_VW1_VWB1_WG16_16_1_WGM8",256,6144,0,72,0,128,"SQ_WAVES",1024.000000,2402221948649,2402222532703
6,6,"Agent 1",1,20349,20349,32768,85,"Cijk_Ailk_Bljk_SB_MT128x64x8_SN_AMAS0_BL0_BS1_GLVWA1_GLVWB1_GRVW1_GSU1_GSUASB_K1_LRVW1_NLCA1_NLCB1_PGR0_PLR0_SIA1_SU32_SUS256_SVW4_TT8_4_USFGRO0_VAW1_VS1_VW1_VWB1_WG16_16_1_WGM8",256,6144,0,72,0,128,"GRBM_GUI_ACTIVE",845840.000000,2402222581234,2402223143206
6,6,"Agent 1",1,20349,20349,32768,85,"Cijk_Ailk_Bljk_SB_MT128x64x8_SN_AMAS0_BL0_BS1_GLVWA1_GLVWB1_GRVW1_GSU1_GSUASB_K1_LRVW1_NLCA1_NLCB1_PGR0_PLR0_SIA1_SU32_SUS256_SVW4_TT8_4_USFGRO0_VAW1_VS1_VW1_VWB1_WG16_16_1_WGM8",256,6144,0,72,0,128,"SQ_BUSY_CYCLES",1675318.000000,2402222581234,2402223143206
6,6,"Agent 1",1,20349,20349,32768,85,"Cijk_Ailk_Bljk_SB_MT128x64x8_SN_AMAS0_BL0_BS1_GLVWA1_GLVWB1_GRVW1_GSU1_GSUASB_K1_LRVW1_NLCA1_NLCB1_PGR0_PLR0_SIA1_SU32_SUS256_SVW4_TT8_4_USFGRO0_VAW1_VS1_VW1_VWB1_WG16_16_1_WGM8",256,6144,0,72,0,128,"SQ_INSTS_VALU",36198400.000000,2402222581234,2402223143206
6,6,"Agent 1",1,20349,20349,32768,85,"Cijk_Ailk_Bljk_SB_MT128x64x8_SN_AMAS0_BL0_BS1_GLVWA1_GLVWB1_GRVW1_GSU1_GSUASB_K1_LRVW1_NLCA1_NLCB1_PGR0_PLR0_SIA1_SU32_SUS256_SVW4_TT8_4_USFGRO0_VAW1_VS1_VW1_VWB1_WG16_16_1_WGM8",256,6144,0,72,0,128,"SQ_WAVES",1024.000000,2402222581234,2402223143206
7,7,"Agent 1",1,20349,20349,32768,85,"Cijk_Ailk_Bljk_SB_MT128x64x8_SN_AMAS0_BL0_BS1_GLVWA1_GLVWB1_GRVW1_GSU1_GSUASB_K1_LRVW1_NLCA1_NLCB1_PGR0_PLR0_SIA1_SU32_SUS256_SVW4_TT8_4_USFGRO0_VAW1_VS1_VW1_VWB1_WG16_16_1_WGM8",256,6144,0,72,0,128,"GRBM_GUI_ACTIVE",843247.000000,2402223189293,2402223749662
7,7,"Agent 1",1,20349,20349,32768,85,"Cijk_Ailk_Bljk_SB_MT128x64x8_SN_AMAS0_BL0_BS1_GLVWA1_GLVWB1_GRVW1_GSU1_GSUASB_K1_LRVW1_NLCA1_NLCB1_PGR0_PLR0_SIA1_SU32_SUS256_SVW4_TT8_4_USFGRO0_VAW1_VS1_VW1_VWB1_WG16_16_1_WGM8",256,6144,0,72,0,128,"SQ_BUSY_CYCLES",1668851.000000,2402223189293,2402223749662
7,7,"Agent 1",1,20349,20349,32768,85,"Cijk_Ailk_Bljk_SB_MT128x64x8_SN_AMAS0_BL0_BS1_GLVWA1_GLVWB1_GRVW1_GSU1_GSUASB_K1_LRVW1_NLCA1_NLCB1_PGR0_PLR0_SIA1_SU32_SUS256_SVW4_TT8_4_USFGRO0_VAW1_VS1_VW1_VWB1_WG16_16_1_WGM8",256,6144,0,72,0,128,"SQ_INSTS_VALU",36198400.000000,2402223189293,2402223749662
7,7,"Agent 1",1,20349,20349,32768,85,"Cijk_Ailk_Bljk_SB_MT128x64x8_SN_AMAS0_BL0_BS1_GLVWA1_GLVWB1_GRVW1_GSU1_GSUASB_K1_LRVW1_NLCA1_NLCB1_PGR0_PLR0_SIA1_SU32_SUS256_SVW4_TT8_4_USFGRO0_VAW1_VS1_VW1_VWB1_WG16_16_1_WGM8",256,6144,0,72,0,128,"SQ_WAVES",1024.000000,2402223189293,2402223749662
8,8,"Agent 1",1,20349,20349,32768,85,"Cijk_Ailk_Bljk_SB_MT128x64x8_SN_AMAS0_BL0_BS1_GLVWA1_GLVWB1_GRVW1_GSU1_GSUASB_K1_LRVW1_NLCA1_NLCB1_PGR0_PLR0_SIA1_SU32_SUS256_SVW4_TT8_4_USFGRO0_VAW1_VS1_VW1_VWB1_WG16_16_1_WGM8",256,6144,0,72,0,128,"GRBM_GUI_ACTIVE",848493.000000,2402223794747,2402224358483
8,8,"Agent 1",1,20349,20349,32768,85,"Cijk_Ailk_Bljk_SB_MT128x64x8_SN_AMAS0_BL0_BS1_GLVWA1_GLVWB1_GRVW1_GSU1_GSUASB_K1_LRVW1_NLCA1_NLCB1_PGR0_PLR0_SIA1_SU32_SUS256_SVW4_TT8_4_USFGRO0_VAW1_VS1_VW1_VWB1_WG16_16_1_WGM8",256,6144,0,72,0,128,"SQ_BUSY_CYCLES",1680166.000000,2402223794747,2402224358483
8,8,"Agent 1",1,20349,20349,32768,85,"Cijk_Ailk_Bljk_SB_MT128x64x8_SN_AMAS0_BL0_BS1_GLVWA1_GLVWB1_GRVW1_GSU1_GSUASB_K1_LRVW1_NLCA1_NLCB1_PGR0_PLR0_SIA1_SU32_SUS256_SVW4_TT8_4_USFGRO0_VAW1_VS1_VW1_VWB1_WG16_16_1_WGM8",256,6144,0,72,0,128,"SQ_INSTS_VALU",36198400.000000,2402223794747,2402224358483
8,8,"Agent 1",1,20349,20349,32768,85,"Cijk_Ailk_Bljk_SB_MT128x64x8_SN_AMAS0_BL0_BS1_GLVWA1_GLVWB1_GRVW1_GSU1_GSUASB_K1_LRVW1_NLCA1_NLCB1_PGR0_PLR0_SIA1_SU32_SUS256_SVW4_TT8_4_USFGRO0_VAW1_VS1_VW1_VWB1_WG16_16_1_WGM8",256,6144,0,72,0,128,"SQ_WAVES",1024.000000,2402223794747,2402224358483
9,9,"Agent 1",1,20349,20349,131072,85,"Cijk_Ailk_Bljk_SB_MT128x64x8_SN_AMAS0_BL0_BS1_GLVWA1_GLVWB1_GRVW1_GSU1_GSUASB_K1_LRVW1_NLCA1_NLCB1_PGR0_PLR0_SIA1_SU32_SUS256_SVW4_TT8_4_USFGRO0_VAW1_VS1_VW1_VWB1_WG16_16_1_WGM8",256,6144,0,72,0,128,"GRBM_GUI_ACTIVE",5778492.000000,2402267544817,2402271416705
9,9,"Agent 1",1,20349,20349,131072,85,"Cijk_Ailk_Bljk_SB_MT128x64x8_SN_AMAS0_BL0_BS1_GLVWA1_GLVWB1_GRVW1_GSU1_GSUASB_K1_LRVW1_NLCA1_NLCB1_PGR0_PLR0_SIA1_SU32_SUS256_SVW4_TT8_4_USFGRO0_VAW1_VS1_VW1_VWB1_WG16_16_1_WGM8",256,6144,0,72,0,128,"SQ_BUSY_CYCLES",11523899.000000,2402267544817,2402271416705
9,9,"Agent 1",1,20349,20349,131072,85,"Cijk_Ailk_Bljk_SB_MT128x64x8_SN_AMAS0_BL0_BS1_GLVWA1_GLVWB1_GRVW1_GSU1_GSUASB_K1_LRVW1_NLCA1_NLCB1_PGR0_PLR0_SIA1_SU32_SUS256_SVW4_TT8_4_USFGRO0_VAW1_VS1_VW1_VWB1_WG16_16_1_WGM8",256,6144,0,72,0,128,"SQ_INSTS_VALU",287399936.000000,2402267544817,2402271416705
9,9,"Agent 1",1,20349,20349,131072,85,"Cijk_Ailk_Bljk_SB_MT128x64x8_SN_AMAS0_BL0_BS1_GLVWA1_GLVWB1_GRVW1_GSU1_GSUASB_K1_LRVW1_NLCA1_NLCB1_PGR0_PLR0_SIA1_SU32_SUS256_SVW4_TT8_4_USFGRO0_VAW1_VS1_VW1_VWB1_WG16_16_1_WGM8",256,6144,0,72,0,128,"SQ_WAVES",4096.000000,2402267544817,2402271416705
10,10,"Agent 1",1,20349,20349,131072,85,"Cijk_Ailk_Bljk_SB_MT128x64x8_SN_AMAS0_BL0_BS1_GLVWA1_GLVWB1_GRVW1_GSU1_GSUASB_K1_LRVW1_NLCA1_NLCB1_PGR0_PLR0_SIA1_SU32_SUS256_SVW4_TT8_4_USFGRO0_VAW1_VS1_VW1_VWB1_WG16_16_1_WGM8",256,6144,0,72,0,128,"GRBM_GUI_ACTIVE",5750593.000000,2402271465835,2402275319328
10,10,"Agent 1",1,20349,20349,131072,85,"Cijk_Ailk_Bljk_SB_MT128x64x8_SN_AMAS0_BL0_BS1_GLVWA1_GLVWB1_GRVW1_GSU1_GSUASB_K1_LRVW1_NLCA1_NLCB1_PGR0_PLR0_SIA1_SU32_SUS256_SVW4_TT8_4_USFGRO0_VAW1_VS1_VW1_VWB1_WG16_16_1_WGM8",256,6144,0,72,0,128,"SQ_BUSY_CYCLES",11484957.000000,2402271465835,2402275319328
10,10,"Agent 1",1,20349,20349,131072,85,"Cijk_Ailk_Bljk_SB_MT128x64x8_SN_AMAS0_BL0_BS1_GLVWA1_GLVWB1_GRVW1_GSU1_GSUASB_K1_LRVW1_NLCA1_NLCB1_PGR0_PLR0_SIA1_SU32_SUS256_SVW4_TT8_4_USFGRO0_VAW1_VS1_VW1_VWB1_WG16_16_1_WGM8",256,6144,0,72,0,128,"SQ_INSTS_VALU",287399936.000000,2402271465835,2402275319328
10,10,"Agent 1",1,20349,20349,131072,85,"Cijk_Ailk_Bljk_SB_MT128x64x8_SN_AMAS0_BL0_BS1_GLVWA1_GLVWB1_GRVW1_GSU1_GSUASB_K1_LRVW1_NLCA1_NLCB1_PGR0_PLR0_SIA1_SU32_SUS256_SVW4_TT8_4_USFGRO0_VAW1_VS1_VW1_VWB1_WG16_16_1_WGM8",256,6144,0,72,0,128,"SQ_WAVES",4096.000000,2402271465835,2402275319328
11,11,"Agent 1",1,20349,20349,131072,85,"Cijk_Ailk_Bljk_SB_MT128x64x8_SN_AMAS0_BL0_BS1_GLVWA1_GLVWB1_GRVW1_GSU1_GSUASB_K1_LRVW1_NLCA1_NLCB1_PGR0_PLR0_SIA1_SU32_SUS256_SVW4_TT8_4_USFGRO0_VAW1_VS1_VW1_VWB1_WG16_16_1_WGM8",256,6144,0,72,0,128,"GRBM_GUI_ACTIVE",5746083.000000,2402275367619,2402279218266
11,11,"Agent 1",1,20349,20349,131072,85,"Cijk_Ailk_Bljk_SB_MT128x64x8_SN_AMAS0_BL0_BS1_GLVWA1_GLVWB1_GRVW1_GSU1_GSUASB_K1_LRVW1_NLCA1_NLCB1_PGR0_PLR0_SIA1_SU32_SUS256_SVW4_TT8_4_USFGRO0_VAW1_VS1_VW1_VWB1_WG16_16_1_WGM8",256,6144,0,72,0,128,"SQ_BUSY_CYCLES",11475983.000000,2402275367619,2402279218266
11,11,"Agent 1",1,20349,20349,131072,85,"Cijk_Ailk_Bljk_SB_MT128x64x8_SN_AMAS0_BL0_BS1_GLVWA1_GLVWB1_GRVW1_GSU1_GSUASB_K1_LRVW1_NLCA1_NLCB1_PGR0_PLR0_SIA1_SU32_SUS256_SVW4_TT8_4_USFGRO0_VAW1_VS1_VW1_VWB1_WG16_16_1_WGM8",256,6144,0,72,0,128,"SQ_INSTS_VALU",287399936.000000,2402275367619,2402279218266
11,11,"Agent 1",1,20349,20349,131072,85,"Cijk_Ailk_Bljk_SB_MT128x64x8_SN_AMAS0_BL0_BS1_GLVWA1_GLVWB1_GRVW1_GSU1_GSUASB_K1_LRVW1_NLCA1_NLCB1_PGR0_PLR0_SIA1_SU32_SUS256_SVW4_TT8_4_USFGRO0_VAW1_VS1_VW1_VWB1_WG16_16_1_WGM8",256,6144,0,72,0,128,"SQ_WAVES",4096.000000,2402275367619,2402279218266
12,12,"Agent 1",1,20349,20349,131072,85,"Cijk_Ailk_Bljk_SB_MT128x64x8_SN_AMAS0_BL0_BS1_GLVWA1_GLVWB1_GRVW1_GSU1_GSUASB_K1_LRVW1_NLCA1_NLCB1_PGR0_PLR0_SIA1_SU32_SUS256_SVW4_TT8_4_USFGRO0_VAW1_VS1_VW1_VWB1_WG16_16_1_WGM8",256,6144,0,72,0,128,"GRBM_GUI_ACTIVE",5758565.000000,2402279265515,2402283124538
12,12,"Agent 1",1,20349,20349,131072,85,"Cijk_Ailk_Bljk_SB_MT128x64x8_SN_AMAS0_BL0_BS1_GLVWA1_GLVWB1_GRVW1_GSU1_GSUASB_K1_LRVW1_NLCA1_NLCB1_PGR0_PLR0_SIA1_SU32_SUS256_SVW4_TT8_4_USFGRO0_VAW1_VS1_VW1_VWB1_WG16_16_1_WGM8",256,6144,0,72,0,128,"SQ_BUSY_CYCLES",11501277.000000,2402279265515,2402283124538
12,12,"Agent 1",1,20349,20349,131072,85,"Cijk_Ailk_Bljk_SB_MT128x64x8_SN_AMAS0_BL0_BS1_GLVWA1_GLVWB1_GRVW1_GSU1_GSUASB_K1_LRVW1_NLCA1_NLCB1_PGR0_PLR0_SIA1_SU32_SUS256_SVW4_TT8_4_USFGRO0_VAW1_VS1_VW1_VWB1_WG16_16_1_WGM8",256,6144,0,72,0,128,"SQ_INSTS_VALU",287399936.000000,2402279265515,2402283124538
12,12,"Agent 1",1,20349,20349,131072,85,"Cijk_Ailk_Bljk_SB_MT128x64x8_SN_AMAS0_BL0_BS1_GLVWA1_GLVWB1_GRVW1_GSU1_GSUASB_K1_LRVW1_NLCA1_NLCB1_PGR0_PLR0_SIA1_SU32_SUS256_SVW4_TT8_4_USFGRO0_VAW1_VS1_VW1_VWB1_WG16_16_1_WGM8",256,6144,0,72,0,128,"SQ_WAVES",4096.000000,2402279265515,2402283124538
13,13,"Agent 1",1,20349,20349,524288,85,"Cijk_Ailk_Bljk_SB_MT128x64x8_SN_AMAS0_BL0_BS1_GLVWA1_GLVWB1_GRVW1_GSU1_GSUASB_K1_LRVW1_NLCA1_NLCB1_PGR0_PLR0_SIA1_SU32_SUS256_SVW4_TT8_4_USFGRO0_VAW1_VS1_VW1_VWB1_WG16_16_1_WGM8",256,6144,0,72,0,128,"GRBM_GUI_ACTIVE",44834823.000000,2402477898051,2402507972636
13,13,"Agent 1",1,20349,20349,524288,85,"Cijk_Ailk_Bljk_SB_MT128x64x8_SN_AMAS0_BL0_BS1_GLVWA1_GLVWB1_GRVW1_GSU1_GSUASB_K1_LRVW1_NLCA1_NLCB1_PGR0_PLR0_SIA1_SU32_SUS256_SVW4_TT8_4_USFGRO0_VAW1_VS1_VW1_VWB1_WG16_16_1_WGM8",256,6144,0,72,0,128,"SQ_BUSY_CYCLES",89638496.000000,2402477898051,2402507972636
13,13,"Agent 1",1,20349,20349,524288,85,"Cijk_Ailk_Bljk_SB_MT128x64x8_SN_AMAS0_BL0_BS1_GLVWA1_GLVWB1_GRVW1_GSU1_GSUASB_K1_LRVW1_NLCA1_NLCB1_PGR0_PLR0_SIA1_SU32_SUS256_SVW4_TT8_4_USFGRO0_VAW1_VS1_VW1_VWB1_WG16_16_1_WGM8",256,6144,0,72,0,128,"SQ_INSTS_VALU",2290450432.000000,2402477898051,2402507972636
13,13,"Agent 1",1,20349,20349,524288,85,"Cijk_Ailk_Bljk_SB_MT128x64x8_SN_AMAS0_BL0_BS1_GLVWA1_GLVWB1_GRVW1_GSU1_GSUASB_K1_LRVW1_NLCA1_NLCB1_PGR0_PLR0_SIA1_SU32_SUS256_SVW4_TT8_4_USFGRO0_VAW1_VS1_VW1_VWB1_WG16_16_1_WGM8",256,6144,0,72,0,128,"SQ_WAVES",16384.000000,2402477898051,2402507972636
14,14,"Agent 1",1,20349,20349,524288,85,"Cijk_Ailk_Bljk_SB_MT128x64x8_SN_AMAS0_BL0_BS1_GLVWA1_GLVWB1_GRVW1_GSU1_GSUASB_K1_LRVW1_NLCA1_NLCB1_PGR0_PLR0_SIA1_SU32_SUS256_SVW4_TT8_4_USFGRO0_VAW1_VS1_VW1_VWB1_WG16_16_1_WGM8",256,6144,0,72,0,128,"GRBM_GUI_ACTIVE",45067205.000000,2402508027257,2402538261782
14,14,"Agent 1",1,20349,20349,524288,85,"Cijk_Ailk_Bljk_SB_MT128x64x8_SN_AMAS0_BL0_BS1_GLVWA1_GLVWB1_GRVW1_GSU1_GSUASB_K1_LRVW1_NLCA1_NLCB1_PGR0_PLR0_SIA1_SU32_SUS256_SVW4_TT8_4_USFGRO0_VAW1_VS1_VW1_VWB1_WG16_16_1_WGM8",256,6144,0,72,0,128,"SQ_BUSY_CYCLES",90096734.000000,2402508027257,2402538261782
14,14,"Agent 1",1,20349,20349,524288,85,"Cijk_Ailk_Bljk_SB_MT128x64x8_SN_AMAS0_BL0_BS1_GLVWA1_GLVWB1_GRVW1_GSU1_GSUASB_K1_LRVW1_NLCA1_NLCB1_PGR0_PLR0_SIA1_SU32_SUS256_SVW4_TT8_4_USFGRO0_VAW1_VS1_VW1_VWB1_WG16_16_1_WGM8",256,6144,0,72,0,128,"SQ_INSTS_VALU",2290450432.000000,2402508027257,2402538261782
14,14,"Agent 1",1,20349,20349,524288,85,"Cijk_Ailk_Bljk_SB_MT128x64x8_SN_AMAS0_BL0_BS1_GLVWA1_GLVWB1_GRVW1_GSU1_GSUASB_K1_LRVW1_NLCA1_NLCB1_PGR0_PLR0_SIA1_SU32_SUS256_SVW4_TT8_4_USFGRO0_VAW1_VS1_VW1_VWB1_WG16_16_1_WGM8",256,6144,0,72,0,128,"SQ_WAVES",16384.000000,2402508027257,2402538261782
15,15,"Agent 1",1,20349,20349,524288,85,"Cijk_Ailk_Bljk_SB_MT128x64x8_SN_AMAS0_BL0_BS1_GLVWA1_GLVWB1_GRVW1_GSU1_GSUASB_K1_LRVW1_NLCA1_NLCB1_PGR0_PLR0_SIA1_SU32_SUS256_SVW4_TT8_4_USFGRO0_VAW1_VS1_VW1_VWB1_WG16_16_1_WGM8",256,6144,0,72,0,128,"GRBM_GUI_ACTIVE",44928819.000000,2402538311795,2402568455309
15,15,"Agent 1",1,20349,20349,524288,85,"Cijk_Ailk_Bljk_SB_MT128x64x8_SN_AMAS0_BL0_BS1_GLVWA1_GLVWB1_GRVW1_GSU1_GSUASB_K1_LRVW1_NLCA1_NLCB1_PGR0_PLR0_SIA1_SU32_SUS256_SVW4_TT8_4_USFGRO0_VAW1_VS1_VW1_VWB1_WG16_16_1_WGM8",256,6144,0,72,0,128,"SQ_BUSY_CYCLES",89820477.000000,2402538311795,2402568455309
15,15,"Agent 1",1,20349,20349,524288,85,"Cijk_Ailk_Bljk_SB_MT128x64x8_SN_AMAS0_BL0_BS1_GLVWA1_GLVWB1_GRVW1_GSU1_GSUASB_K1_LRVW1_NLCA1_NLCB1_PGR0_PLR0_SIA1_SU32_SUS256_SVW4_TT8_4_USFGRO0_VAW1_VS1_VW1_VWB1_WG16_16_1_WGM8",256,6144,0,72,0,128,"SQ_INSTS_VALU",2290450432.000000,2402538311795,2402568455309
15,15,"Agent 1",1,20349,20349,524288,85,"Cijk_Ailk_Bljk_SB_MT128x64x8_SN_AMAS0_BL0_BS1_GLVWA1_GLVWB1_GRVW1_GSU1_GSUASB_K1_LRVW1_NLCA1_NLCB1_PGR0_PLR0_SIA1_SU32_SUS256_SVW4_TT8_4_USFGRO0_VAW1_VS1_VW1_VWB1_WG16_16_1_WGM8",256,6144,0,72,0,128,"SQ_WAVES",16384.000000,2402538311795,2402568455309
16,16,"Agent 1",1,20349,20349,524288,85,"Cijk_Ailk_Bljk_SB_MT128x64x8_SN_AMAS0_BL0_BS1_GLVWA1_GLVWB1_GRVW1_GSU1_GSUASB_K1_LRVW1_NLCA1_NLCB1_PGR0_PLR0_SIA1_SU32_SUS256_SVW4_TT8_4_USFGRO0_VAW1_VS1_VW1_VWB1_WG16_16_1_WGM8",256,6144,0,72,0,128,"GRBM_GUI_ACTIVE",45266156.000000,2402568505109,2402598873844
16,16,"Agent 1",1,20349,20349,524288,85,"Cijk_Ailk_Bljk_SB_MT128x64x8_SN_AMAS0_BL0_BS1_GLVWA1_GLVWB1_GRVW1_GSU1_GSUASB_K1_LRVW1_NLCA1_NLCB1_PGR0_PLR0_SIA1_SU32_SUS256_SVW4_TT8_4_USFGRO0_VAW1_VS1_VW1_VWB1_WG16_16_1_WGM8",256,6144,0,72,0,128,"SQ_BUSY_CYCLES",90486405.000000,2402568505109,2402598873844
16,16,"Agent 1",1,20349,20349,524288,85,"Cijk_Ailk_Bljk_SB_MT128x64x8_SN_AMAS0_BL0_BS1_GLVWA1_GLVWB1_GRVW1_GSU1_GSUASB_K1_LRVW1_NLCA1_NLCB1_PGR0_PLR0_SIA1_SU32_SUS256_SVW4_TT8_4_USFGRO0_VAW1_VS1_VW1_VWB1_WG16_16_1_WGM8",256,6144,0,72,0,128,"SQ_INSTS_VALU",2290450432.000000,2402568505109,2402598873844
16,16,"Agent 1",1,20349,20349,524288,85,"Cijk_Ailk_Bljk_SB_MT128x64x8_SN_AMAS0_BL0_BS1_GLVWA1_GLVWB1_GRVW1_GSU1_GSUASB_K1_LRVW1_NLCA1_NLCB1_PGR0_PLR0_SIA1_SU32_SUS256_SVW4_TT8_4_USFGRO0_VAW1_VS1_VW1_VWB1_WG16_16_1_WGM8",256,6144,0,72,0,128,"SQ_WAVES",16384.000000,2402568505109,2402598873844
17,17,"Agent 1",1,20349,20349,2097152,85,"Cijk_Ailk_Bljk_SB_MT128x64x8_SN_AMAS0_BL0_BS1_GLVWA1_GLVWB1_GRVW1_GSU1_GSUASB_K1_LRVW1_NLCA1_NLCB1_PGR0_PLR0_SIA1_SU32_SUS256_SVW4_TT8_4_USFGRO0_VAW1_VS1_VW1_VWB1_WG16_16_1_WGM8",256,6144,0,72,0,128,"GRBM_GUI_ACTIVE",356701951.000000,2403367988787,2403607361246
17,17,"Agent 1",1,20349,20349,2097152,85,"Cijk_Ailk_Bljk_SB_MT128x64x8_SN_AMAS0_BL0_BS1_GLVWA1_GLVWB1_GRVW1_GSU1_GSUASB_K1_LRVW1_NLCA1_NLCB1_PGR0_PLR0_SIA1_SU32_SUS256_SVW4_TT8_4_USFGRO0_VAW1_VS1_VW1_VWB1_WG16_16_1_WGM8",256,6144,0,72,0,128,"SQ_BUSY_CYCLES",713378986.000000,2403367988787,2403607361246
17,17,"Agent 1",1,20349,20349,2097152,85,"Cijk_Ailk_Bljk_SB_MT128x64x8_SN_AMAS0_BL0_BS1_GLVWA1_GLVWB1_GRVW1_GSU1_GSUASB_K1_LRVW1_NLCA1_NLCB1_PGR0_PLR0_SIA1_SU32_SUS256_SVW4_TT8_4_USFGRO0_VAW1_VS1_VW1_VWB1_WG16_16_1_WGM8",256,6144,0,72,0,128,"SQ_INSTS_VALU",18288607232.000000,2403367988787,2403607361246
17,17,"Agent 1",1,20349,20349,2097152,85,"Cijk_Ailk_Bljk_SB_MT128x64x8_SN_AMAS0_BL0_BS1_GLVWA1_GLVWB1_GRVW1_GSU1_GSUASB_K1_LRVW1_NLCA1_NLCB1_PGR0_PLR0_SIA1_SU32_SUS256_SVW4_TT8_4_USFGRO0_VAW1_VS1_VW1_VWB1_WG16_16_1_WGM8",256,6144,0,72,0,128,"SQ_WAVES",65536.000000,2403367988787,2403607361246
18,18,"Agent 1",1,20349,20349,2097152,85,"Cijk_Ailk_Bljk_SB_MT128x64x8_SN_AMAS0_BL0_BS1_GLVWA1_GLVWB1_GRVW1_GSU1_GSUASB_K1_LRVW1_NLCA1_NLCB1_PGR0_PLR0_SIA1_SU32_SUS256_SVW4_TT8_4_USFGRO0_VAW1_VS1_VW1_VWB1_WG16_16_1_WGM8",256,6144,0,72,0,128,"GRBM_GUI_ACTIVE",355659145.000000,2403607414643,2403846150999
18,18,"Agent 1",1,20349,20349,2097152,85,"Cijk_Ailk_Bljk_SB_MT128x64x8_SN_AMAS0_BL0_BS1_GLVWA1_GLVWB1_GRVW1_GSU1_GSUASB_K1_LRVW1_NLCA1_NLCB1_PGR0_PLR0_SIA1_SU32_SUS256_SVW4_TT8_4_USFGRO0_VAW1_VS1_VW1_VWB1_WG16_16_1_WGM8",256,6144,0,72,0,128,"SQ_BUSY_CYCLES",711274126.000000,2403607414643,2403846150999
18,18,"Agent 1",1,20349,20349,2097152,85,"Cijk_Ailk_Bljk_SB_MT128x64x8_SN_AMAS0_BL0_BS1_GLVWA1_GLVWB1_GRVW1_GSU1_GSUASB_K1_LRVW1_NLCA1_NLCB1_PGR0_PLR0_SIA1_SU32_SUS256_SVW4_TT8_4_USFGRO0_VAW1_VS1_VW1_VWB1_WG16_16_1_WGM8",256,6144,0,72,0,128,"SQ_INSTS_VALU",18288607232.000000,2403607414643,2403846150999
18,18,"Agent 1",1,20349,20349,2097152,85,"Cijk_Ailk_Bljk_SB_MT128x64x8_SN_AMAS0_BL0_BS1_GLVWA1_GLVWB1_GRVW1_GSU1_GSUASB_K1_LRVW1_NLCA1_NLCB1_PGR0_PLR0_SIA1_SU32_SUS256_SVW4_TT8_4_USFGRO0_VAW1_VS1_VW1_VWB1_WG16_16_1_WGM8",256,6144,0,72,0,128,"SQ_WAVES",65536.000000,2403607414643,2403846150999
19,19,"Agent 1",1,20349,20349,2097152,85,"Cijk_Ailk_Bljk_SB_MT128x64x8_SN_AMAS0_BL0_BS1_GLVWA1_GLVWB1_GRVW1_GSU1_GSUASB_K1_LRVW1_NLCA1_NLCB1_PGR0_PLR0_SIA1_SU32_SUS256_SVW4_TT8_4_USFGRO0_VAW1_VS1_VW1_VWB1_WG16_16_1_WGM8",256,6144,0,72,0,128,"GRBM_GUI_ACTIVE",356266110.000000,2403846203738,2404085331101
19,19,"Agent 1",1,20349,20349,2097152,85,"Cijk_Ailk_Bljk_SB_MT128x64x8_SN_AMAS0_BL0_BS1_GLVWA1_GLVWB1_GRVW1_GSU1_GSUASB_K1_LRVW1_NLCA1_NLCB1_PGR0_PLR0_SIA1_SU32_SUS256_SVW4_TT8_4_USFGRO0_VAW1_VS1_VW1_VWB1_WG16_16_1_WGM8",256,6144,0,72,0,128,"SQ_BUSY_CYCLES",712514835.000000,2403846203738,2404085331101
19,19,"Agent 1",1,20349,20349,2097152,85,"Cijk_Ailk_Bljk_SB_MT128x64x8_SN_AMAS0_BL0_BS1_GLVWA1_GLVWB1_GRVW1_GSU1_GSUASB_K1_LRVW1_NLCA1_NLCB1_PGR0_PLR0_SIA1_SU32_SUS256_SVW4_TT8_4_USFGRO0_VAW1_VS1_VW1_VWB1_WG16_16_1_WGM8",256,6144,0,72,0,128,"SQ_INSTS_VALU",18288607232.000000,2403846203738,2404085331101
19,19,"Agent 1",1,20349,20349,2097152,85,"Cijk_Ailk_Bljk_SB_MT128x64x8_SN_AMAS0_BL0_BS1_GLVWA1_GLVWB1_GRVW1_GSU1_GSUASB_K1_LRVW1_NLCA1_NLCB1_PGR0_PLR0_SIA1_SU32_SUS256_SVW4_TT8_4_USFGRO0_VAW1_VS1_VW1_VWB1_WG16_16_1_WGM8",256,6144,0,72,0,128,"SQ_WAVES",65536.000000,2403846203738,2404085331101
20,20,"Agent 1",1,20349,20349,2097152,85,"Cijk_Ailk_Bljk_SB_MT128x64x8_SN_AMAS0_BL0_BS1_GLVWA1_GLVWB1_GRVW1_GSU1_GSUASB_K1_LRVW1_NLCA1_NLCB1_PGR0_PLR0_SIA1_SU32_SUS256_SVW4_TT8_4_USFGRO0_VAW1_VS1_VW1_VWB1_WG16_16_1_WGM8",256,6144,0,72,0,128,"GRBM_GUI_ACTIVE",356953108.000000,2404085380348,2404324957634
20,20,"Agent 1",1,20349,20349,2097152,85,"Cijk_Ailk_Bljk_SB_MT128x64x8_SN_AMAS0_BL0_BS1_GLVWA1_GLVWB1_GRVW1_GSU1_GSUASB_K1_LRVW1_NLCA1_NLCB1_PGR0_PLR0_SIA1_SU32_SUS256_SVW4_TT8_4_USFGRO0_VAW1_VS1_VW1_VWB1_WG16_16_1_WGM8",256,6144,0,72,0,128,"SQ_BUSY_CYCLES",713890275.000000,2404085380348,2404324957634
20,20,"Agent 1",1,20349,20349,2097152,85,"Cijk_Ailk_Bljk_SB_MT128x64x8_SN_AMAS0_BL0_BS1_GLVWA1_GLVWB1_GRVW1_GSU1_GSUASB_K1_LRVW1_NLCA1_NLCB1_PGR0_PLR0_SIA1_SU32_SUS256_SVW4_TT8_4_USFGRO0_VAW1_VS1_VW1_VWB1_WG16_16_1_WGM8",256,6144,0,72,0,128,"SQ_INSTS_VALU",18288607232.000000,2404085380348,2404324957634
20,20,"Agent 1",1,20349,20349,2097152,85,"Cijk_Ailk_Bljk_SB_MT128x64x8_SN_AMAS0_BL0_BS1_GLVWA1_GLVWB1_GRVW1_GSU1_GSUASB_K1_LRVW1_NLCA1_NLCB1_PGR0_PLR0_SIA1_SU32_SUS256_SVW4_TT8_4_USFGRO0_VAW1_VS1_VW1_VWB1_WG16_16_1_WGM8",256,6144,0,72,0,128,"SQ_WAVES",65536.000000,2404085380348,2404324957634
21,21,"Agent 1",1,20349,20349,8192,90,"Cijk_Ailk_Bljk_HB_MT64x128x4_SN_AMAS0_BL0_BS1_GLVWA1_GLVWB1_GRVW1_GSU1_GSUASB_K1_LRVW1_NLCA1_NLCB1_PGR0_PLR0_SIA1_SU32_SUS256_SVW4_TT4_8_USFGRO0_VAW2_VS1_VW1_VWB1_WG16_16_1_WGM8",256,2048,0,48,0,128,"GRBM_GUI_ACTIVE",222613.000000,2404389571436,2404389714784
21,21,"Agent 1",1,20349,20349,8192,90,"Cijk_Ailk_Bljk_HB_MT64x128x4_SN_AMAS0_BL0_BS1_GLVWA1_GLVWB1_GRVW1_GSU1_GSUASB_K1_LRVW1_NLCA1_NLCB1_PGR0_PLR0_SIA1_SU32_SUS256_SVW4_TT4_8_USFGRO0_VAW2_VS1_VW1_VWB1_WG16_16_1_WGM8",256,2048,0,48,0,128,"SQ_BUSY_CYCLES",424786.000000,2404389571436,2404389714784
21,21,"Agent 1",1,20349,20349,8192,90,"Cijk_Ailk_Bljk_HB_MT64x128x4_SN_AMAS0_BL0_BS1_GLVWA1_GLVWB1_GRVW1_GSU1_GSUASB_K1_LRVW1_NLCA1_NLCB1_PGR0_PLR0_SIA1_SU32_SUS256_SVW4_TT4_8_USFGRO0_VAW2_VS1_VW1_VWB1_WG16_16_1_WGM8",256,2048,0,48,0,128,"SQ_INSTS_VALU",2551552.000000,2404389571436,2404389714784
21,21,"Agent 1",1,20349,20349,8192,90,"Cijk_Ailk_Bljk_HB_MT64x128x4_SN_AMAS0_BL0_BS1_GLVWA1_GLVWB1_GRVW1_GSU1_GSUASB_K1_LRVW1_NLCA1_NLCB1_PGR0_PLR0_SIA1_SU32_SUS256_SVW4_TT4_8_USFGRO0_VAW2_VS1_VW1_VWB1_WG16_16_1_WGM8",256,2048,0,48,0,128,"SQ_WAVES",256.000000,2404389571436,2404389714784
22,22,"Agent 1",1,20349,20349,8192,90,"Cijk_Ailk_Bljk_HB_MT64x128x4_SN_AMAS0_BL0_BS1_GLVWA1_GLVWB1_GRVW1_GSU1_GSUASB_K1_LRVW1_NLCA1_NLCB1_PGR0_PLR0_SIA1_SU32_SUS256_SVW4_TT4_8_USFGRO0_VAW2_VS1_VW1_VWB1_WG16_16_1_WGM8",256,2048,0,48,0,128,"GRBM_GUI_ACTIVE",215945.000000,2404389790805,2404389930026
22,22,"Agent 1",1,20349,20349,8192,90,"Cijk_Ailk_Bljk_HB_MT64x128x4_SN_AMAS0_BL0_BS1_GLVWA1_GLVWB1_GRVW1_GSU1_GSUASB_K1_LRVW1_NLCA1_NLCB1_PGR0_PLR0_SIA1_SU32_SUS256_SVW4_TT4_8_USFGRO0_VAW2_VS1_VW1_VWB1_WG16_16_1_WGM8",256,2048,0,48,0,128,"SQ_BUSY_CYCLES",416565.000000,2404389790805,2404389930026
22,22,"Agent 1",1,20349,20349,8192,90,"Cijk_Ailk_Bljk_HB_MT64x128x4_SN_AMAS0_BL0_BS1_GLVWA1_GLVWB1_GRVW1_GSU1_GSUASB_K1_LRVW1_NLCA1_NLCB1_PGR0_PLR0_SIA1_SU32_SUS256_SVW4_TT4_8_USFGRO0_VAW2_VS1_VW1_VWB1_WG16_16_1_WGM8",256,2048,0,48,0,128,"SQ_INSTS_VALU",2551552.000000,2404389790805,2404389930026
22,22,"Agent 1",1,20349,20349,8192,90,"Cijk_Ailk_Bljk_HB_MT64x128x4_SN_AMAS0_BL0_BS1_GLVWA1_GLVWB1_GRVW1_GSU1_GSUASB_K1_LRVW1_NLCA1_NLCB1_PGR0_PLR0_SIA1_SU32_SUS256_SVW4_TT4_8_USFGRO0_VAW2_VS1_VW1_VWB1_WG16_16_1_WGM8",256,2048,0,48,0,128,"SQ_WAVES",256.000000,2404389790805,2404389930026
23,23,"Agent 1",1,20349,20349,8192,90,"Cijk_Ailk_Bljk_HB_MT64x128x4_SN_AMAS0_BL0_BS1_GLVWA1_GLVWB1_GRVW1_GSU1_GSUASB_K1_LRVW1_NLCA1_NLCB1_PGR0_PLR0_SIA1_SU32_SUS256_SVW4_TT4_8_USFGRO0_VAW2_VS1_VW1_VWB1_WG16_16_1_WGM8",256,2048,0,48,0,128,"GRBM_GUI_ACTIVE",216199.000000,2404389973026,2404390112407
23,23,"Agent 1",1,20349,20349,8192,90,"Cijk_Ailk_Bljk_HB_MT64x128x4_SN_AMAS0_BL0_BS1_GLVWA1_GLVWB1_GRVW1_GSU1_GSUASB_K1_LRVW1_NLCA1_NLCB1_PGR0_PLR0_SIA1_SU32_SUS256_SVW4_TT4_8_USFGRO0_VAW2_VS1_VW1_VWB1_WG16_16_1_WGM8",256,2048,0,48,0,128,"SQ_BUSY_CYCLES",416442.000000,2404389973026,2404390112407
23,23,"Agent 1",1,20349,20349,8192,90,"Cijk_Ailk_Bljk_HB_MT64x128x4_SN_AMAS0_BL0_BS1_GLVWA1_GLVWB1_GRVW1_GSU1_GSUASB_K1_LRVW1_NLCA1_NLCB1_PGR0_PLR0_SIA1_SU32_SUS256_SVW4_TT4_8_USFGRO0_VAW2_VS1_VW1_VWB1_WG16_16_1_WGM8",256,2048,0,48,0,128,"SQ_INSTS_VALU",2551552.000000,2404389973026,2404390112407
23,23,"Agent 1",1,20349,20349,8192,90,"Cijk_Ailk_Bljk_HB_MT64x128x4_SN_AMAS0_BL0_BS1_GLVWA1_GLVWB1_GRVW1_GSU1_GSUASB_K1_LRVW1_NLCA1_NLCB1_PGR0_PLR0_SIA1_SU32_SUS256_SVW4_TT4_8_USFGRO0_VAW2_VS1_VW1_VWB1_WG16_16_1_WGM8",256,2048,0,48,0,128,"SQ_WAVES",256.000000,2404389973026,2404390112407
24,24,"Agent 1",1,20349,20349,8192,90,"Cijk_Ailk_Bljk_HB_MT64x128x4_SN_AMAS0_BL0_BS1_GLVWA1_GLVWB1_GRVW1_GSU1_GSUASB_K1_LRVW1_NLCA1_NLCB1_PGR0_PLR0_SIA1_SU32_SUS256_SVW4_TT4_8_USFGRO0_VAW2_VS1_VW1_VWB1_WG16_16_1_WGM8",256,2048,0,48,0,128,"GRBM_GUI_ACTIVE",219348.000000,2404390155608,2404390297073
24,24,"Agent 1",1,20349,20349,8192,90,"Cijk_Ailk_Bljk_HB_MT64x128x4_SN_AMAS0_BL0_BS1_GLVWA1_GLVWB1_GRVW1_GSU1_GSUASB_K1_LRVW1_NLCA1_NLCB1_PGR0_PLR0_SIA1_SU32_SUS256_SVW4_TT4_8_USFGRO0_VAW2_VS1_VW1_VWB1_WG16_16_1_WGM8",256,2048,0,48,0,128,"SQ_BUSY_CYCLES",423529.000000,2404390155608,2404390297073
24,24,"Agent 1",1,20349,20349,8192,90,"Cijk_Ailk_Bljk_HB_MT64x128x4_SN_AMAS0_BL0_BS1_GLVWA1_GLVWB1_GRVW1_GSU1_GSUASB_K1_LRVW1_NLCA1_NLCB1_PGR0_PLR0_SIA1_SU32_SUS256_SVW4_TT4_8_USFGRO0_VAW2_VS1_VW1_VWB1_WG16_16_1_WGM8",256,2048,0,48,0,128,"SQ_INSTS_VALU",2551552.000000,2404390155608,2404390297073
24,24,"Agent 1",1,20349,20349,8192,90,"Cijk_Ailk_Bljk_HB_MT64x128x4_SN_AMAS0_BL0_BS1_GLVWA1_GLVWB1_GRVW1_GSU1_GSUASB_K1_LRVW1_NLCA1_NLCB1_PGR0_PLR0_SIA1_SU32_SUS256_SVW4_TT4_8_USFGRO0_VAW2_VS1_VW1_VWB1_WG16_16_1_WGM8",256,2048,0,48,0,128,"SQ_WAVES",256.000000,2404390155608,2404390297073
25,25,"Agent 1",1,20349,20349,32768,90,"Cijk_Ailk_Bljk_HB_MT64x128x4_SN_AMAS0_BL0_BS1_GLVWA1_GLVWB1_GRVW1_GSU1_GSUASB_K1_LRVW1_NLCA1_NLCB1_PGR0_PLR0_SIA1_SU32_SUS256_SVW4_TT4_8_USFGRO0_VAW2_VS1_VW1_VWB1_WG16_16_1_WGM8",256,2048,0,48,0,128,"GRBM_GUI_ACTIVE",976445.000000,2404415856611,2404416504184
25,25,"Agent 1",1,20349,20349,32768,90,"Cijk_Ailk_Bljk_HB_MT64x128x4_SN_AMAS0_BL0_BS1_GLVWA1_GLVWB1_GRVW1_GSU1_GSUASB_K1_LRVW1_NLCA1_NLCB1_PGR0_PLR0_SIA1_SU32_SUS256_SVW4_TT4_8_USFGRO0_VAW2_VS1_VW1_VWB1_WG16_16_1_WGM8",256,2048,0,48,0,128,"SQ_BUSY_CYCLES",1880836.000000,2404415856611,2404416504184
25,25,"Agent 1",1,20349,20349,32768,90,"Cijk_Ailk_Bljk_HB_MT64x128x4_SN_AMAS0_BL0_BS1_GLVWA1_GLVWB1_GRVW1_GSU1_GSUASB_K1_LRVW1_NLCA1_NLCB1_PGR0_PLR0_SIA1_SU32_SUS256_SVW4_TT4_8_USFGRO0_VAW2_VS1_VW1_VWB1_WG16_16_1_WGM8",256,2048,0,48,0,128,"SQ_INSTS_VALU",19905536.000000,2404415856611,2404416504184
25,25,"Agent 1",1,20349,20349,32768,90,"Cijk_Ailk_Bljk_HB_MT64x128x4_SN_AMAS0_BL0_BS1_GLVWA1_GLVWB1_GRVW1_GSU1_GSUASB_K1_LRVW1_NLCA1_NLCB1_PGR0_PLR0_SIA1_SU32_SUS256_SVW4_TT4_8_USFGRO0_VAW2_VS1_VW1_VWB1_WG16_16_1_WGM8",256,2048,0,48,0,128,"SQ_WAVES",1024.000000,2404415856611,2404416504184
26,26,"Agent 1",1,20349,20349,32768,90,"Cijk_Ailk_Bljk_HB_MT64x128x4_SN_AMAS0_BL0_BS1_GLVWA1_GLVWB1_GRVW1_GSU1_GSUASB_K1_LRVW1_NLCA1_NLCB1_PGR0_PLR0_SIA1_SU32_SUS256_SVW4_TT4_8_USFGRO0_VAW2_VS1_VW1_VWB1_WG16_16_1_WGM8",256,2048,0,48,0,128,"GRBM_GUI_ACTIVE",935581.000000,2404416553917,2404417174559
26,26,"Agent 1",1,20349,20349,32768,90,"Cijk_Ailk_Bljk_HB_MT64x128x4_SN_AMAS0_BL0_BS1_GLVWA1_GLVWB1_GRVW1_GSU1_GSUASB_K1_LRVW1_NLCA1_NLCB1_PGR0_PLR0_SIA1_SU32_SUS256_SVW4_TT4_8_USFGRO0_VAW2_VS1_VW1_VWB1_WG16_16_1_WGM8",256,2048,0,48,0,128,"SQ_BUSY_CYCLES",1850745.000000,2404416553917,2404417174559
26,26,"Agent 1",1,20349,20349,32768,90,"Cijk_Ailk_Bljk_HB_MT64x128x4_SN_AMAS0_BL0_BS1_GLVWA1_GLVWB1_GRVW1_GSU1_GSUASB_K1_LRVW1_NLCA1_NLCB1_PGR0_PLR0_SIA1_SU32_SUS256_SVW4_TT4_8_USFGRO0_VAW2_VS1_VW1_VWB1_WG16_16_1_WGM8",256,2048,0,48,0,128,"SQ_INSTS_VALU",19905536.000000,2404416553917,2404417174559
26,26,"Agent 1",1,20349,20349,32768,90,"Cijk_Ailk_Bljk_HB_MT64x128x4_SN_AMAS0_BL0_BS1_GLVWA1_GLVWB1_GRVW1_GSU1_GSUASB_K1_LRVW1_NLCA1_NLCB1_PGR0_PLR0_SIA1_SU32_SUS256_SVW4_TT4_8_USFGRO0_VAW2_VS1_VW1_VWB1_WG16_16_1_WGM8",256,2048,0,48,0,128,"SQ_WAVES",1024.000000,2404416553917,2404417174559
27,27,"Agent 1",1,20349,20349,32768,90,"Cijk_Ailk_Bljk_HB_MT64x128x4_SN_AMAS0_BL0_BS1_GLVWA1_GLVWB1_GRVW1_GSU1_GSUASB_K1_LRVW1_NLCA1_NLCB1_PGR0_PLR0_SIA1_SU32_SUS256_SVW4_TT4_8_USFGRO0_VAW2_VS1_VW1_VWB1_WG16_16_1_WGM8",256,2048,0,48,0,128,"GRBM_GUI_ACTIVE",918919.000000,2404417221527,2404417831148
27,27,"Agent 1",1,20349,20349,32768,90,"Cijk_Ailk_Bljk_HB_MT64x128x4_SN_AMAS0_BL0_BS1_GLVWA1_GLVWB1_GRVW1_GSU1_GSUASB_K1_LRVW1_NLCA1_NLCB1_PGR0_PLR0_SIA1_SU32_SUS256_SVW4_TT4_8_USFGRO0_VAW2_VS1_VW1_VWB1_WG16_16_1_WGM8",256,2048,0,48,0,128,"SQ_BUSY_CYCLES",1811305.000000,2404417221527,2404417831148
27,27,"Agent 1",1,20349,20349,32768,90,"Cijk_Ailk_Bljk_HB_MT64x128x4_SN_AMAS0_BL0_BS1_GLVWA1_GLVWB1_GRVW1_GSU1_GSUASB_K1_LRVW1_NLCA1_NLCB1_PGR0_PLR0_SIA1_SU32_SUS256_SVW4_TT4_8_USFGRO0_VAW2_VS1_VW1_VWB1_WG16_16_1_WGM8",256,2048,0,48,0,128,"SQ_INSTS_VALU",19905536.000000,2404417221527,2404417831148
27,27,"Agent 1",1,20349,20349,32768,90,"Cijk_Ailk_Bljk_HB_MT64x128x4_SN_AMAS0_BL0_BS1_GLVWA1_GLVWB1_GRVW1_GSU1_GSUASB_K1_LRVW1_NLCA1_NLCB1_PGR0_PLR0_SIA1_SU32_SUS256_SVW4_TT4_8_USFGRO0_VAW2_VS1_VW1_VWB1_WG16_16_1_WGM8",256,2048,0,48,0,128,"SQ_WAVES",1024.000000,2404417221527,2404417831148
28,28,"Agent 1",1,20349,20349,32768,90,"Cijk_Ailk_Bljk_HB_MT64x128x4_SN_AMAS0_BL0_BS1_GLVWA1_GLVWB1_GRVW1_GSU1_GSUASB_K1_LRVW1_NLCA1_NLCB1_PGR0_PLR0_SIA1_SU32_SUS256_SVW4_TT4_8_USFGRO0_VAW2_VS1_VW1_VWB1_WG16_16_1_WGM8",256,2048,0,48,0,128,"GRBM_GUI_ACTIVE",909150.000000,2404417876714,2404418479843
28,28,"Agent 1",1,20349,20349,32768,90,"Cijk_Ailk_Bljk_HB_MT64x128x4_SN_AMAS0_BL0_BS1_GLVWA1_GLVWB1_GRVW1_GSU1_GSUASB_K1_LRVW1_NLCA1_NLCB1_PGR0_PLR0_SIA1_SU32_SUS256_SVW4_TT4_8_USFGRO0_VAW2_VS1_VW1_VWB1_WG16_16_1_WGM8",256,2048,0,48,0,128,"SQ_BUSY_CYCLES",1796295.000000,2404417876714,2404418479843
28,28,"Agent 1",1,20349,20349,32768,90,"Cijk_Ailk_Bljk_HB_MT64x128x4_SN_AMAS0_BL0_BS1_GLVWA1_GLVWB1_GRVW1_GSU1_GSUASB_K1_LRVW1_NLCA1_NLCB1_PGR0_PLR0_SIA1_SU32_SUS256_SVW4_TT4_8_USFGRO0_VAW2_VS1_VW1_VWB1_WG16_16_1_WGM8",256,2048,0,48,0,128,"SQ_INSTS_VALU",19905536.000000,2404417876714,2404418479843
28,28,"Agent 1",1,20349,20349,32768,90,"Cijk_Ailk_Bljk_HB_MT64x128x4_SN_AMAS0_BL0_BS1_GLVWA1_GLVWB1_GRVW1_GSU1_GSUASB_K1_LRVW1_NLCA1_NLCB1_PGR0_PLR0_SIA1_SU32_SUS256_SVW4_TT4_8_USFGRO0_VAW2_VS1_VW1_VWB1_WG16_16_1_WGM8",256,2048,0,48,0,128,"SQ_WAVES",1024.000000,2404417876714,2404418479843
29,29,"Agent 1",1,20349,20349,131072,90,"Cijk_Ailk_Bljk_HB_MT64x128x4_SN_AMAS0_BL0_BS1_GLVWA1_GLVWB1_GRVW1_GSU1_GSUASB_K1_LRVW1_NLCA1_NLCB1_PGR0_PLR0_SIA1_SU32_SUS256_SVW4_TT4_8_USFGRO0_VAW2_VS1_VW1_VWB1_WG16_16_1_WGM8",256,2048,0,48,0,128,"GRBM_GUI_ACTIVE",8865442.000000,2404520971050,2404526880475
29,29,"Agent 1",1,20349,20349,131072,90,"Cijk_Ailk_Bljk_HB_MT64x128x4_SN_AMAS0_BL0_BS1_GLVWA1_GLVWB1_GRVW1_GSU1_GSUASB_K1_LRVW1_NLCA1_NLCB1_PGR0_PLR0_SIA1_SU32_SUS256_SVW4_TT4_8_USFGRO0_VAW2_VS1_VW1_VWB1_WG16_16_1_WGM8",256,2048,0,48,0,128,"SQ_BUSY_CYCLES",17659543.000000,2404520971050,2404526880475
29,29,"Agent 1",1,20349,20349,131072,90,"Cijk_Ailk_Bljk_HB_MT64x128x4_SN_AMAS0_BL0_BS1_GLVWA1_GLVWB1_GRVW1_GSU1_GSUASB_K1_LRVW1_NLCA1_NLCB1_PGR0_PLR0_SIA1_SU32_SUS256_SVW4_TT4_8_USFGRO0_VAW2_VS1_VW1_VWB1_WG16_16_1_WGM8",256,2048,0,48,0,128,"SQ_INSTS_VALU",157216768.000000,2404520971050,2404526880475
29,29,"Agent 1",1,20349,20349,131072,90,"Cijk_Ailk_Bljk_HB_MT64x128x4_SN_AMAS0_BL0_BS1_GLVWA1_GLVWB1_GRVW1_GSU1_GSUASB_K1_LRVW1_NLCA1_NLCB1_PGR0_PLR0_SIA1_SU32_SUS256_SVW4_TT4_8_USFGRO0_VAW2_VS1_VW1_VWB1_WG16_16_1_WGM8",256,2048,0,48,0,128,"SQ_WAVES",4096.000000,2404520971050,2404526880475
30,30,"Agent 1",1,20349,20349,131072,90,"Cijk_Ailk_Bljk_HB_MT64x128x4_SN_AMAS0_BL0_BS1_GLVWA1_GLVWB1_GRVW1_GSU1_GSUASB_K1_LRVW1_NLCA1_NLCB1_PGR0_PLR0_SIA1_SU32_SUS256_SVW4_TT4_8_USFGRO0_VAW2_VS1_VW1_VWB1_WG16_16_1_WGM8",256,2048,0,48,0,128,"GRBM_GUI_ACTIVE",9052331.000000,2404526929005,2404532961780
30,30,"Agent 1",1,20349,20349,131072,90,"Cijk_Ailk_Bljk_HB_MT64x128x4_SN_AMAS0_BL0_BS1_GLVWA1_GLVWB1_GRVW1_GSU1_GSUASB_K1_LRVW1_NLCA1_NLCB1_PGR0_PLR0_SIA1_SU32_SUS256_SVW4_TT4_8_USFGRO0_VAW2_VS1_VW1_VWB1_WG16_16_1_WGM8",256,2048,0,48,0,128,"SQ_BUSY_CYCLES",18088063.000000,2404526929005,2404532961780
30,30,"Agent 1",1,20349,20349,131072,90,"Cijk_Ailk_Bljk_HB_MT64x128x4_SN_AMAS0_BL0_BS1_GLVWA1_GLVWB1_GRVW1_GSU1_GSUASB_K1_LRVW1_NLCA1_NLCB1_PGR0_PLR0_SIA1_SU32_SUS256_SVW4_TT4_8_USFGRO0_VAW2_VS1_VW1_VWB1_WG16_16_1_WGM8",256,2048,0,48,0,128,"SQ_INSTS_VALU",157216768.000000,2404526929005,2404532961780
30,30,"Agent 1",1,20349,20349,131072,90,"Cijk_Ailk_Bljk_HB_MT64x128x4_SN_AMAS0_BL0_BS1_GLVWA1_GLVWB1_GRVW1_GSU1_GSUASB_K1_LRVW1_NLCA1_NLCB1_PGR0_PLR0_SIA1_SU32_SUS256_SVW4_TT4_8_USFGRO0_VAW2_VS1_VW1_VWB1_WG16_16_1_WGM8",256,2048,0,48,0,128,"SQ_WAVES",4096.000000,2404526929005,2404532961780
31,31,"Agent 1",1,20349,20349,131072,90,"Cijk_Ailk_Bljk_HB_MT64x128x4_SN_AMAS0_BL0_BS1_GLVWA1_GLVWB1_GRVW1_GSU1_GSUASB_K1_LRVW1_NLCA1_NLCB1_PGR0_PLR0_SIA1_SU32_SUS256_SVW4_TT4_8_USFGRO0_VAW2_VS1_VW1_VWB1_WG16_16_1_WGM8",256,2048,0,48,0,128,"GRBM_GUI_ACTIVE",9066662.000000,2404533006143,2404539048336
31,31,"Agent 1",1,20349,20349,131072,90,"Cijk_Ailk_Bljk_HB_MT64x128x4_SN_AMAS0_BL0_BS1_GLVWA1_GLVWB1_GRVW1_GSU1_GSUASB_K1_LRVW1_NLCA1_NLCB1_PGR0_PLR0_SIA1_SU32_SUS256_SVW4_TT4_8_USFGRO0_VAW2_VS1_VW1_VWB1_WG16_16_1_WGM8",256,2048,0,48,0,128,"SQ_BUSY_CYCLES",18098468.000000,2404533006143,2404539048336
31,31,"Agent 1",1,20349,20349,131072,90,"Cijk_Ailk_Bljk_HB_MT64x128x4_SN_AMAS0_BL0_BS1_GLVWA1_GLVWB1_GRVW1_GSU1_GSUASB_K1_LRVW1_NLCA1_NLCB1_PGR0_PLR0_SIA1_SU32_SUS256_SVW4_TT4_8_USFGRO0_VAW2_VS1_VW1_VWB1_WG16_16_1_WGM8",256,2048,0,48,0,128,"SQ_INSTS_VALU",157216768.000000,2404533006143,2404539048336
31,31,"Agent 1",1,20349,20349,131072,90,"Cijk_Ailk_Bljk_HB_MT64x128x4_SN_AMAS0_BL0_BS1_GLVWA1_GLVWB1_GRVW1_GSU1_GSUASB_K1_LRVW1_NLCA1_NLCB1_PGR0_PLR0_SIA1_SU32_SUS256_SVW4_TT4_8_USFGRO0_VAW2_VS1_VW1_VWB1_WG16_16_1_WGM8",256,2048,0,48,0,128,"SQ_WAVES",4096.000000,2404533006143,2404539048336
32,32,"Agent 1",1,20349,20349,131072,90,"Cijk_Ailk_Bljk_HB_MT64x128x4_SN_AMAS0_BL0_BS1_GLVWA1_GLVWB1_GRVW1_GSU1_GSUASB_K1_LRVW1_NLCA1_NLCB1_PGR0_PLR0_SIA1_SU32_SUS256_SVW4_TT4_8_USFGRO0_VAW2_VS1_VW1_VWB1_WG16_16_1_WGM8",256,2048,0,48,0,128,"GRBM_GUI_ACTIVE",9081613.000000,2404539094222,2404545146675
32,32,"Agent 1",1,20349,20349,131072,90,"Cijk_Ailk_Bljk_HB_MT64x128x4_SN_AMAS0_BL0_BS1_GLVWA1_GLVWB1_GRVW1_GSU1_GSUASB_K1_LRVW1_NLCA1_NLCB1_PGR0_PLR0_SIA1_SU32_SUS256_SVW4_TT4_8_USFGRO0_VAW2_VS1_VW1_VWB1_WG16_16_1_WGM8",256,2048,0,48,0,128,"SQ_BUSY_CYCLES",17946521.000000,2404539094222,2404545146675
32,32,"Agent 1",1,20349,20349,131072,90,"Cijk_Ailk_Bljk_HB_MT64x128x4_SN_AMAS0_BL0_BS1_GLVWA1_GLVWB1_GRVW1_GSU1_GSUASB_K1_LRVW1_NLCA1_NLCB1_PGR0_PLR0_SIA1_SU32_SUS256_SVW4_TT4_8_USFGRO0_VAW2_VS1_VW1_VWB1_WG16_16_1_WGM8",256,2048,0,48,0,128,"SQ_INSTS_VALU",157216768.000000,2404539094222,2404545146675
32,32,"Agent 1",1,20349,20349,131072,90,"Cijk_Ailk_Bljk_HB_MT64x128x4_SN_AMAS0_BL0_BS1_GLVWA1_GLVWB1_GRVW1_GSU1_GSUASB_K1_LRVW1_NLCA1_NLCB1_PGR0_PLR0_SIA1_SU32_SUS256_SVW4_TT4_8_USFGRO0_VAW2_VS1_VW1_VWB1_WG16_16_1_WGM8",256,2048,0,48,0,128,"SQ_WAVES",4096.000000,2404539094222,2404545146675
33,33,"Agent 1",1,20349,20349,524288,91,"Cijk_Ailk_Bljk_HB_MT64x128x8_SN_AMAS2_BL0_BS1_GLVWA2_GLVWB2_GRVW2_GSU1_GSUASB_K1_LRVW2_NLCA1_NLCB1_PGR0_PLR1_SIA1_SU32_SUS256_SVW4_TT4_8_USFGRO0_VAW2_VS1_VW2_VWB2_WG16_16_1_WGM8",256,3072,0,72,0,128,"GRBM_GUI_ACTIVE",44425071.000000,2404958613161,2404988269729
33,33,"Agent 1",1,20349,20349,524288,91,"Cijk_Ailk_Bljk_HB_MT64x128x8_SN_AMAS2_BL0_BS1_GLVWA2_GLVWB2_GRVW2_GSU1_GSUASB_K1_LRVW2_NLCA1_NLCB1_PGR0_PLR1_SIA1_SU32_SUS256_SVW4_TT4_8_USFGRO0_VAW2_VS1_VW2_VWB2_WG16_16_1_WGM8",256,3072,0,72,0,128,"SQ_BUSY_CYCLES",88822821.000000,2404958613161,2404988269729
33,33,"Agent 1",1,20349,20349,524288,91,"Cijk_Ailk_Bljk_HB_MT64x128x8_SN_AMAS2_BL0_BS1_GLVWA2_GLVWB2_GRVW2_GSU1_GSUASB_K1_LRVW2_NLCA1_NLCB1_PGR0_PLR1_SIA1_SU32_SUS256_SVW4_TT4_8_USFGRO0_VAW2_VS1_VW2_VWB2_WG16_16_1_WGM8",256,3072,0,72,0,128,"SQ_INSTS_VALU",1166000128.000000,2404958613161,2404988269729
33,33,"Agent 1",1,20349,20349,524288,91,"Cijk_Ailk_Bljk_HB_MT64x128x8_SN_AMAS2_BL0_BS1_GLVWA2_GLVWB2_GRVW2_GSU1_GSUASB_K1_LRVW2_NLCA1_NLCB1_PGR0_PLR1_SIA1_SU32_SUS256_SVW4_TT4_8_USFGRO0_VAW2_VS1_VW2_VWB2_WG16_16_1_WGM8",256,3072,0,72,0,128,"SQ_WAVES",16384.000000,2404958613161,2404988269729
34,34,"Agent 1",1,20349,20349,524288,91,"Cijk_Ailk_Bljk_HB_MT64x128x8_SN_AMAS2_BL0_BS1_GLVWA2_GLVWB2_GRVW2_GSU1_GSUASB_K1_LRVW2_NLCA1_NLCB1_PGR0_PLR1_SIA1_SU32_SUS256_SVW4_TT4_8_USFGRO0_VAW2_VS1_VW2_VWB2_WG16_16_1_WGM8",256,3072,0,72,0,128,"GRBM_GUI_ACTIVE",46497875.000000,2404988324711,2405019354410
34,34,"Agent 1",1,20349,20349,524288,91,"Cijk_Ailk_Bljk_HB_MT64x128x8_SN_AMAS2_BL0_BS1_GLVWA2_GLVWB2_GRVW2_GSU1_GSUASB_K1_LRVW2_NLCA1_NLCB1_PGR0_PLR1_SIA1_SU32_SUS256_SVW4_TT4_8_USFGRO0_VAW2_VS1_VW2_VWB2_WG16_16_1_WGM8",256,3072,0,72,0,128,"SQ_BUSY_CYCLES",92867074.000000,2404988324711,2405019354410
34,34,"Agent 1",1,20349,20349,524288,91,"Cijk_Ailk_Bljk_HB_MT64x128x8_SN_AMAS2_BL0_BS1_GLVWA2_GLVWB2_GRVW2_GSU1_GSUASB_K1_LRVW2_NLCA1_NLCB1_PGR0_PLR1_SIA1_SU32_SUS256_SVW4_TT4_8_USFGRO0_VAW2_VS1_VW2_VWB2_WG16_16_1_WGM8",256,3072,0,72,0,128,"SQ_INSTS_VALU",1166000128.000000,2404988324711,2405019354410
34,34,"Agent 1",1,20349,20349,524288,91,"Cijk_Ailk_Bljk_HB_MT64x128x8_SN_AMAS2_BL0_BS1_GLVWA2_GLVWB2_GRVW2_GSU1_GSUASB_K1_LRVW2_NLCA1_NLCB1_PGR0_PLR1_SIA1_SU32_SUS256_SVW4_TT4_8_USFGRO0_VAW2_VS1_VW2_VWB2_WG16_16_1_WGM8",256,3072,0,72,0,128,"SQ_WAVES",16384.000000,2404988324711,2405019354410
35,35,"Agent 1",1,20349,20349,524288,91,"Cijk_Ailk_Bljk_HB_MT64x128x8_SN_AMAS2_BL0_BS1_GLVWA2_GLVWB2_GRVW2_GSU1_GSUASB_K1_LRVW2_NLCA1_NLCB1_PGR0_PLR1_SIA1_SU32_SUS256_SVW4_TT4_8_USFGRO0_VAW2_VS1_VW2_VWB2_WG16_16_1_WGM8",256,3072,0,72,0,128,"GRBM_GUI_ACTIVE",46383362.000000,2405019400536,2405050356778
35,35,"Agent 1",1,20349,20349,524288,91,"Cijk_Ailk_Bljk_HB_MT64x128x8_SN_AMAS2_BL0_BS1_GLVWA2_GLVWB2_GRVW2_GSU1_GSUASB_K1_LRVW2_NLCA1_NLCB1_PGR0_PLR1_SIA1_SU32_SUS256_SVW4_TT4_8_USFGRO0_VAW2_VS1_VW2_VWB2_WG16_16_1_WGM8",256,3072,0,72,0,128,"SQ_BUSY_CYCLES",92605905.000000,2405019400536,2405050356778
35,35,"Agent 1",1,20349,20349,524288,91,"Cijk_Ailk_Bljk_HB_MT64x128x8_SN_AMAS2_BL0_BS1_GLVWA2_GLVWB2_GRVW2_GSU1_GSUASB_K1_LRVW2_NLCA1_NLCB1_PGR0_PLR1_SIA1_SU32_SUS256_SVW4_TT4_8_USFGRO0_VAW2_VS1_VW2_VWB2_WG16_16_1_WGM8",256,3072,0,72,0,128,"SQ_INSTS_VALU",1166000128.000000,2405019400536,2405050356778
35,35,"Agent 1",1,20349,20349,524288,91,"Cijk_Ailk_Bljk_HB_MT64x128x8_SN_AMAS2_BL0_BS1_GLVWA2_GLVWB2_GRVW2_GSU1_GSUASB_K1_LRVW2_NLCA1_NLCB1_PGR0_PLR1_SIA1_SU32_SUS256_SVW4_TT4_8_USFGRO0_VAW2_VS1_VW2_VWB2_WG16_16_1_WGM8",256,3072,0,72,0,128,"SQ_WAVES",16384.000000,2405019400536,2405050356778
36,36,"Agent 1",1,20349,20349,524288,91,"Cijk_Ailk_Bljk_HB_MT64x128x8_SN_AMAS2_BL0_BS1_GLVWA2_GLVWB2_GRVW2_GSU1_GSUASB_K1_LRVW2_NLCA1_NLCB1_PGR0_PLR1_SIA1_SU32_SUS256_SVW4_TT4_8_USFGRO0_VAW2_VS1_VW2_VWB2_WG16_16_1_WGM8",256,3072,0,72,0,128,"GRBM_GUI_ACTIVE",43400079.000000,2405050401047,2405079380828
36,36,"Agent 1",1,20349,20349,524288,91,"Cijk_Ailk_Bljk_HB_MT64x128x8_SN_AMAS2_BL0_BS1_GLVWA2_GLVWB2_GRVW2_GSU1_GSUASB_K1_LRVW2_NLCA1_NLCB1_PGR0_PLR1_SIA1_SU32_SUS256_SVW4_TT4_8_USFGRO0_VAW2_VS1_VW2_VWB2_WG16_16_1_WGM8",256,3072,0,72,0,128,"SQ_BUSY_CYCLES",86737976.000000,2405050401047,2405079380828
36,36,"Agent 1",1,20349,20349,524288,91,"Cijk_Ailk_Bljk_HB_MT64x128x8_SN_AMAS2_BL0_BS1_GLVWA2_GLVWB2_GRVW2_GSU1_GSUASB_K1_LRVW2_NLCA1_NLCB1_PGR0_PLR1_SIA1_SU32_SUS256_SVW4_TT4_8_USFGRO0_VAW2_VS1_VW2_VWB2_WG16_16_1_WGM8",256,3072,0,72,0,128,"SQ_INSTS_VALU",1166000128.000000,2405050401047,2405079380828
36,36,"Agent 1",1,20349,20349,524288,91,"Cijk_Ailk_Bljk_HB_MT64x128x8_SN_AMAS2_BL0_BS1_GLVWA2_GLVWB2_GRVW2_GSU1_GSUASB_K1_LRVW2_NLCA1_NLCB1_PGR0_PLR1_SIA1_SU32_SUS256_SVW4_TT4_8_USFGRO0_VAW2_VS1_VW2_VWB2_WG16_16_1_WGM8",256,3072,0,72,0,128,"SQ_WAVES",16384.000000,2405050401047,2405079380828
37,37,"Agent 1",1,20349,20349,2097152,91,"Cijk_Ailk_Bljk_HB_MT64x128x8_SN_AMAS2_BL0_BS1_GLVWA2_GLVWB2_GRVW2_GSU1_GSUASB_K1_LRVW2_NLCA1_NLCB1_PGR0_PLR1_SIA1_SU32_SUS256_SVW4_TT4_8_USFGRO0_VAW2_VS1_VW2_VWB2_WG16_16_1_WGM8",256,3072,0,72,0,128,"GRBM_GUI_ACTIVE",353360365.000000,2406729839218,2406965847194
37,37,"Agent 1",1,20349,20349,2097152,91,"Cijk_Ailk_Bljk_HB_MT64x128x8_SN_AMAS2_BL0_BS1_GLVWA2_GLVWB2_GRVW2_GSU1_GSUASB_K1_LRVW2_NLCA1_NLCB1_PGR0_PLR1_SIA1_SU32_SUS256_SVW4_TT4_8_USFGRO0_VAW2_VS1_VW2_VWB2_WG16_16_1_WGM8",256,3072,0,72,0,128,"SQ_BUSY_CYCLES",706207489.000000,2406729839218,2406965847194
37,37,"Agent 1",1,20349,20349,2097152,91,"Cijk_Ailk_Bljk_HB_MT64x128x8_SN_AMAS2_BL0_BS1_GLVWA2_GLVWB2_GRVW2_GSU1_GSUASB_K1_LRVW2_NLCA1_NLCB1_PGR0_PLR1_SIA1_SU32_SUS256_SVW4_TT4_8_USFGRO0_VAW2_VS1_VW2_VWB2_WG16_16_1_WGM8",256,3072,0,72,0,128,"SQ_INSTS_VALU",9294512128.000000,2406729839218,2406965847194
37,37,"Agent 1",1,20349,20349,2097152,91,"Cijk_Ailk_Bljk_HB_MT64x128x8_SN_AMAS2_BL0_BS1_GLVWA2_GLVWB2_GRVW2_GSU1_GSUASB_K1_LRVW2_NLCA1_NLCB1_PGR0_PLR1_SIA1_SU32_SUS256_SVW4_TT4_8_USFGRO0_VAW2_VS1_VW2_VWB2_WG16_16_1_WGM8",256,3072,0,72,0,128,"SQ_WAVES",65536.000000,2406729839218,2406965847194
38,38,"Agent 1",1,20349,20349,2097152,91,"Cijk_Ailk_Bljk_HB_MT64x128x8_SN_AMAS2_BL0_BS1_GLVWA2_GLVWB2_GRVW2_GSU1_GSUASB_K1_LRVW2_NLCA1_NLCB1_PGR0_PLR1_SIA1_SU32_SUS256_SVW4_TT4_8_USFGRO0_VAW2_VS1_VW2_VWB2_WG16_16_1_WGM8",256,3072,0,72,0,128,"GRBM_GUI_ACTIVE",356093852.000000,2406965911653,2407203767729
38,38,"Agent 1",1,20349,20349,2097152,91,"Cijk_Ailk_Bljk_HB_MT64x128x8_SN_AMAS2_BL0_BS1_GLVWA2_GLVWB2_GRVW2_GSU1_GSUASB_K1_LRVW2_NLCA1_NLCB1_PGR0_PLR1_SIA1_SU32_SUS256_SVW4_TT4_8_USFGRO0_VAW2_VS1_VW2_VWB2_WG16_16_1_WGM8",256,3072,0,72,0,128,"SQ_BUSY_CYCLES",711757884.000000,2406965911653,2407203767729
38,38,"Agent 1",1,20349,20349,2097152,91,"Cijk_Ailk_Bljk_HB_MT64x128x8_SN_AMAS2_BL0_BS1_GLVWA2_GLVWB2_GRVW2_GSU1_GSUASB_K1_LRVW2_NLCA1_NLCB1_PGR0_PLR1_SIA1_SU32_SUS256_SVW4_TT4_8_USFGRO0_VAW2_VS1_VW2_VWB2_WG16_16_1_WGM8",256,3072,0,72,0,128,"SQ_INSTS_VALU",9294512128.000000,2406965911653,2407203767729
38,38,"Agent 1",1,20349,20349,2097152,91,"Cijk_Ailk_Bljk_HB_MT64x128x8_SN_AMAS2_BL0_BS1_GLVWA2_GLVWB2_GRVW2_GSU1_GSUASB_K1_LRVW2_NLCA1_NLCB1_PGR0_PLR1_SIA1_SU32_SUS256_SVW4_TT4_8_USFGRO0_VAW2_VS1_VW2_VWB2_WG16_16_1_WGM8",256,3072,0,72,0,128,"SQ_WAVES",65536.000000,2406965911653,2407203767729
39,39,"Agent 1",1,20349,20349,2097152,91,"Cijk_Ailk_Bljk_HB_MT64x128x8_SN_AMAS2_BL0_BS1_GLVWA2_GLVWB2_GRVW2_GSU1_GSUASB_K1_LRVW2_NLCA1_NLCB1_PGR0_PLR1_SIA1_SU32_SUS256_SVW4_TT4_8_USFGRO0_VAW2_VS1_VW2_VWB2_WG16_16_1_WGM8",256,3072,0,72,0,128,"GRBM_GUI_ACTIVE",351040508.000000,2407203825721,2407438311646
39,39,"Agent 1",1,20349,20349,2097152,91,"Cijk_Ailk_Bljk_HB_MT64x128x8_SN_AMAS2_BL0_BS1_GLVWA2_GLVWB2_GRVW2_GSU1_GSUASB_K1_LRVW2_NLCA1_NLCB1_PGR0_PLR1_SIA1_SU32_SUS256_SVW4_TT4_8_USFGRO0_VAW2_VS1_VW2_VWB2_WG16_16_1_WGM8",256,3072,0,72,0,128,"SQ_BUSY_CYCLES",701812845.000000,2407203825721,2407438311646
39,39,"Agent 1",1,20349,20349,2097152,91,"Cijk_Ailk_Bljk_HB_MT64x128x8_SN_AMAS2_BL0_BS1_GLVWA2_GLVWB2_GRVW2_GSU1_GSUASB_K1_LRVW2_NLCA1_NLCB1_PGR0_PLR1_SIA1_SU32_SUS256_SVW4_TT4_8_USFGRO0_VAW2_VS1_VW2_VWB2_WG16_16_1_WGM8",256,3072,0,72,0,128,"SQ_INSTS_VALU",9294512128.000000,2407203825721,2407438311646
39,39,"Agent 1",1,20349,20349,2097152,91,"Cijk_Ailk_Bljk_HB_MT64x128x8_SN_AMAS2_BL0_BS1_GLVWA2_GLVWB2_GRVW2_GSU1_GSUASB_K1_LRVW2_NLCA1_NLCB1_PGR0_PLR1_SIA1_SU32_SUS256_SVW4_TT4_8_USFGRO0_VAW2_VS1_VW2_VWB2_WG16_16_1_WGM8",256,3072,0,72,0,128,"SQ_WAVES",65536.000000,2407203825721,2407438311646
40,40,"Agent 1",1,20349,20349,2097152,91,"Cijk_Ailk_Bljk_HB_MT64x128x8_SN_AMAS2_BL0_BS1_GLVWA2_GLVWB2_GRVW2_GSU1_GSUASB_K1_LRVW2_NLCA1_NLCB1_PGR0_PLR1_SIA1_SU32_SUS256_SVW4_TT4_8_USFGRO0_VAW2_VS1_VW2_VWB2_WG16_16_1_WGM8",256,3072,0,72,0,128,"GRBM_GUI_ACTIVE",350449205.000000,2407438365136,2407672438729
40,40,"Agent 1",1,20349,20349,2097152,91,"Cijk_Ailk_Bljk_HB_MT64x128x8_SN_AMAS2_BL0_BS1_GLVWA2_GLVWB2_GRVW2_GSU1_GSUASB_K1_LRVW2_NLCA1_NLCB1_PGR0_PLR1_SIA1_SU32_SUS256_SVW4_TT4_8_USFGRO0_VAW2_VS1_VW2_VWB2_WG16_16_1_WGM8",256,3072,0,72,0,128,"SQ_BUSY_CYCLES",700754609.000000,2407438365136,2407672438729
40,40,"Agent 1",1,20349,20349,2097152,91,"Cijk_Ailk_Bljk_HB_MT64x128x8_SN_AMAS2_BL0_BS1_GLVWA2_GLVWB2_GRVW2_GSU1_GSUASB_K1_LRVW2_NLCA1_NLCB1_PGR0_PLR1_SIA1_SU32_SUS256_SVW4_TT4_8_USFGRO0_VAW2_VS1_VW2_VWB2_WG16_16_1_WGM8",256,3072,0,72,0,128,"SQ_INSTS_VALU",9294512128.000000,2407438365136,2407672438729
40,40,"Agent 1",1,20349,20349,2097152,91,"Cijk_Ailk_Bljk_HB_MT64x128x8_SN_AMAS2_BL0_BS1_GLVWA2_GLVWB2_GRVW2_GSU1_GSUASB_K1_LRVW2_NLCA1_NLCB1_PGR0_PLR1_SIA1_SU32_SUS256_SVW4_TT4_8_USFGRO0_VAW2_VS1_VW2_VWB2_WG16_16_1_WGM8",256,3072,0,72,0,128,"SQ_WAVES",65536.000000,2407438365136,2407672438729
41,41,"Agent 1",1,20349,20349,65536,95,"Cijk_Ailk_Bljk_DB_MT32x32x8_SN_AMAS0_BL0_BS1_GLVWA1_GLVWB1_GRVW1_GSU1_GSUASB_K1_LRVW1_NLCA1_NLCB1_PGR1_PLR1_SIA1_SU32_SUS256_SVW2_TT2_2_USFGRO0_VAW1_VS1_VW1_VWB1_WG16_16_1_WGM8",256,8192,0,48,0,128,"GRBM_GUI_ACTIVE",933312.000000,2407708273544,2407708890419
41,41,"Agent 1",1,20349,20349,65536,95,"Cijk_Ailk_Bljk_DB_MT32x32x8_SN_AMAS0_BL0_BS1_GLVWA1_GLVWB1_GRVW1_GSU1_GSUASB_K1_LRVW1_NLCA1_NLCB1_PGR1_PLR1_SIA1_SU32_SUS256_SVW2_TT2_2_USFGRO0_VAW1_VS1_VW1_VWB1_WG16_16_1_WGM8",256,8192,0,48,0,128,"SQ_BUSY_CYCLES",1840870.000000,2407708273544,2407708890419
41,41,"Agent 1",1,20349,20349,65536,95,"Cijk_Ailk_Bljk_DB_MT32x32x8_SN_AMAS0_BL0_BS1_GLVWA1_GLVWB1_GRVW1_GSU1_GSUASB_K1_LRVW1_NLCA1_NLCB1_PGR1_PLR1_SIA1_SU32_SUS256_SVW2_TT2_2_USFGRO0_VAW1_VS1_VW1_VWB1_WG16_16_1_WGM8",256,8192,0,48,0,128,"SQ_INSTS_VALU",6785024.000000,2407708273544,2407708890419
41,41,"Agent 1",1,20349,20349,65536,95,"Cijk_Ailk_Bljk_DB_MT32x32x8_SN_AMAS0_BL0_BS1_GLVWA1_GLVWB1_GRVW1_GSU1_GSUASB_K1_LRVW1_NLCA1_NLCB1_PGR1_PLR1_SIA1_SU32_SUS256_SVW2_TT2_2_USFGRO0_VAW1_VS1_VW1_VWB1_WG16_16_1_WGM8",256,8192,0,48,0,128,"SQ_WAVES",2048.000000,2407708273544,2407708890419
42,42,"Agent 1",1,20349,20349,65536,95,"Cijk_Ailk_Bljk_DB_MT32x32x8_SN_AMAS0_BL0_BS1_GLVWA1_GLVWB1_GRVW1_GSU1_GSUASB_K1_LRVW1_NLCA1_NLCB1_PGR1_PLR1_SIA1_SU32_SUS256_SVW2_TT2_2_USFGRO0_VAW1_VS1_VW1_VWB1_WG16_16_1_WGM8",256,8192,0,48,0,128,"GRBM_GUI_ACTIVE",926327.000000,2407708964197,2407709576424
42,42,"Agent 1",1,20349,20349,65536,95,"Cijk_Ailk_Bljk_DB_MT32x32x8_SN_AMAS0_BL0_BS1_GLVWA1_GLVWB1_GRVW1_GSU1_GSUASB_K1_LRVW1_NLCA1_NLCB1_PGR1_PLR1_SIA1_SU32_SUS256_SVW2_TT2_2_USFGRO0_VAW1_VS1_VW1_VWB1_WG16_16_1_WGM8",256,8192,0,48,0,128,"SQ_BUSY_CYCLES",1836062.000000,2407708964197,2407709576424
42,42,"Agent 1",1,20349,20349,65536,95,"Cijk_Ailk_Bljk_DB_MT32x32x8_SN_AMAS0_BL0_BS1_GLVWA1_GLVWB1_GRVW1_GSU1_GSUASB_K1_LRVW1_NLCA1_NLCB1_PGR1_PLR1_SIA1_SU32_SUS256_SVW2_TT2_2_USFGRO0_VAW1_VS1_VW1_VWB1_WG16_16_1_WGM8",256,8192,0,48,0,128,"SQ_INSTS_VALU",6785024.000000,2407708964197,2407709576424
42,42,"Agent 1",1,20349,20349,65536,95,"Cijk_Ailk_Bljk_DB_MT32x32x8_SN_AMAS0_BL0_BS1_GLVWA1_GLVWB1_GRVW1_GSU1_GSUASB_K1_LRVW1_NLCA1_NLCB1_PGR1_PLR1_SIA1_SU32_SUS256_SVW2_TT2_2_USFGRO0_VAW1_VS1_VW1_VWB1_WG16_16_1_WGM8",256,8192,0,48,0,128,"SQ_WAVES",2048.000000,2407708964197,2407709576424
43,43,"Agent 1",1,20349,20349,65536,95,"Cijk_Ailk_Bljk_DB_MT32x32x8_SN_AMAS0_BL0_BS1_GLVWA1_GLVWB1_GRVW1_GSU1_GSUASB_K1_LRVW1_NLCA1_NLCB1_PGR1_PLR1_SIA1_SU32_SUS256_SVW2_TT2_2_USFGRO0_VAW1_VS1_VW1_VWB1_WG16_16_1_WGM8",256,8192,0,48,0,128,"GRBM_GUI_ACTIVE",925709.000000,2407709621708,2407710233734
43,43,"Agent 1",1,20349,20349,65536,95,"Cijk_Ailk_Bljk_DB_MT32x32x8_SN_AMAS0_BL0_BS1_GLVWA1_GLVWB1_GRVW1_GSU1_GSUASB_K1_LRVW1_NLCA1_NLCB1_PGR1_PLR1_SIA1_SU32_SUS256_SVW2_TT2_2_USFGRO0_VAW1_VS1_VW1_VWB1_WG16_16_1_WGM8",256,8192,0,48,0,128,"SQ_BUSY_CYCLES",1835623.000000,2407709621708,2407710233734
43,43,"Agent 1",1,20349,20349,65536,95,"Cijk_Ailk_Bljk_DB_MT32x32x8_SN_AMAS0_BL0_BS1_GLVWA1_GLVWB1_GRVW1_GSU1_GSUASB_K1_LRVW1_NLCA1_NLCB1_PGR1_PLR1_SIA1_SU32_SUS256_SVW2_TT2_2_USFGRO0_VAW1_VS1_VW1_VWB1_WG16_16_1_WGM8",256,8192,0,48,0,128,"SQ_INSTS_VALU",6785024.000000,2407709621708,2407710233734
43,43,"Agent 1",1,20349,20349,65536,95,"Cijk_Ailk_Bljk_DB_MT32x32x8_SN_AMAS0_BL0_BS1_GLVWA1_GLVWB1_GRVW1_GSU1_GSUASB_K1_LRVW1_NLCA1_NLCB1_PGR1_PLR1_SIA1_SU32_SUS256_SVW2_TT2_2_USFGRO0_VAW1_VS1_VW1_VWB1_WG16_16_1_WGM8",256,8192,0,48,0,128,"SQ_WAVES",2048.000000,2407709621708,2407710233734
44,44,"Agent 1",1,20349,20349,65536,95,"Cijk_Ailk_Bljk_DB_MT32x32x8_SN_AMAS0_BL0_BS1_GLVWA1_GLVWB1_GRVW1_GSU1_GSUASB_K1_LRVW1_NLCA1_NLCB1_PGR1_PLR1_SIA1_SU32_SUS256_SVW2_TT2_2_USFGRO0_VAW1_VS1_VW1_VWB1_WG16_16_1_WGM8",256,8192,0,48,0,128,"GRBM_GUI_ACTIVE",925729.000000,2407710278137,2407710890163
44,44,"Agent 1",1,20349,20349,65536,95,"Cijk_Ailk_Bljk_DB_MT32x32x8_SN_AMAS0_BL0_BS1_GLVWA1_GLVWB1_GRVW1_GSU1_GSUASB_K1_LRVW1_NLCA1_NLCB1_PGR1_PLR1_SIA1_SU32_SUS256_SVW2_TT2_2_USFGRO0_VAW1_VS1_VW1_VWB1_WG16_16_1_WGM8",256,8192,0,48,0,128,"SQ_BUSY_CYCLES",1835746.000000,2407710278137,2407710890163
44,44,"Agent 1",1,20349,20349,65536,95,"Cijk_Ailk_Bljk_DB_MT32x32x8_SN_AMAS0_BL0_BS1_GLVWA1_GLVWB1_GRVW1_GSU1_GSUASB_K1_LRVW1_NLCA1_NLCB1_PGR1_PLR1_SIA1_SU32_SUS256_SVW2_TT2_2_USFGRO0_VAW1_VS1_VW1_VWB1_WG16_16_1_WGM8",256,8192,0,48,0,128,"SQ_INSTS_VALU",6785024.000000,2407710278137,2407710890163
44,44,"Agent 1",1,20349,20349,65536,95,"Cijk_Ailk_Bljk_DB_MT32x32x8_SN_AMAS0_BL0_BS1_GLVWA1_GLVWB1_GRVW1_GSU1_GSUASB_K1_LRVW1_NLCA1_NLCB1_PGR1_PLR1_SIA1_SU32_SUS256_SVW2_TT2_2_USFGRO0_VAW1_VS1_VW1_VWB1_WG16_16_1_WGM8",256,8192,0,48,0,128,"SQ_WAVES",2048.000000,2407710278137,2407710890163
45,45,"Agent 1",1,20349,20349,262144,95,"Cijk_Ailk_Bljk_DB_MT32x32x8_SN_AMAS0_BL0_BS1_GLVWA1_GLVWB1_GRVW1_GSU1_GSUASB_K1_LRVW1_NLCA1_NLCB1_PGR1_PLR1_SIA1_SU32_SUS256_SVW2_TT2_2_USFGRO0_VAW1_VS1_VW1_VWB1_WG16_16_1_WGM8",256,8192,0,48,0,128,"GRBM_GUI_ACTIVE",7219669.000000,2407721646583,2407726451740
45,45,"Agent 1",1,20349,20349,262144,95,"Cijk_Ailk_Bljk_DB_MT32x32x8_SN_AMAS0_BL0_BS1_GLVWA1_GLVWB1_GRVW1_GSU1_GSUASB_K1_LRVW1_NLCA1_NLCB1_PGR1_PLR1_SIA1_SU32_SUS256_SVW2_TT2_2_USFGRO0_VAW1_VS1_VW1_VWB1_WG16_16_1_WGM8",256,8192,0,48,0,128,"SQ_BUSY_CYCLES",14403422.000000,2407721646583,2407726451740
45,45,"Agent 1",1,20349,20349,262144,95,"Cijk_Ailk_Bljk_DB_MT32x32x8_SN_AMAS0_BL0_BS1_GLVWA1_GLVWB1_GRVW1_GSU1_GSUASB_K1_LRVW1_NLCA1_NLCB1_PGR1_PLR1_SIA1_SU32_SUS256_SVW2_TT2_2_USFGRO0_VAW1_VS1_VW1_VWB1_WG16_16_1_WGM8",256,8192,0,48,0,128,"SQ_INSTS_VALU",53354496.000000,2407721646583,2407726451740
45,45,"Agent 1",1,20349,20349,262144,95,"Cijk_Ailk_Bljk_DB_MT32x32x8_SN_AMAS0_BL0_BS1_GLVWA1_GLVWB1_GRVW1_GSU1_GSUASB_K1_LRVW1_NLCA1_NLCB1_PGR1_PLR1_SIA1_SU32_SUS256_SVW2_TT2_2_USFGRO0_VAW1_VS1_VW1_VWB1_WG16_16_1_WGM8",256,8192,0,48,0,128,"SQ_WAVES",8192.000000,2407721646583,2407726451740
46,46,"Agent 1",1,20349,20349,262144,95,"Cijk_Ailk_Bljk_DB_MT32x32x8_SN_AMAS0_BL0_BS1_GLVWA1_GLVWB1_GRVW1_GSU1_GSUASB_K1_LRVW1_NLCA1_NLCB1_PGR1_PLR1_SIA1_SU32_SUS256_SVW2_TT2_2_USFGRO0_VAW1_VS1_VW1_VWB1_WG16_16_1_WGM8",256,8192,0,48,0,128,"GRBM_GUI_ACTIVE",7207645.000000,2407726503678,2407731301100
46,46,"Agent 1",1,20349,20349,262144,95,"Cijk_Ailk_Bljk_DB_MT32x32x8_SN_AMAS0_BL0_BS1_GLVWA1_GLVWB1_GRVW1_GSU1_GSUASB_K1_LRVW1_NLCA1_NLCB1_PGR1_PLR1_SIA1_SU32_SUS256_SVW2_TT2_2_USFGRO0_VAW1_VS1_VW1_VWB1_WG16_16_1_WGM8",256,8192,0,48,0,128,"SQ_BUSY_CYCLES",14399291.000000,2407726503678,2407731301100
46,46,"Agent 1",1,20349,20349,262144,95,"Cijk_Ailk_Bljk_DB_MT32x32x8_SN_AMAS0_BL0_BS1_GLVWA1_GLVWB1_GRVW1_GSU1_GSUASB_K1_LRVW1_NLCA1_NLCB1_PGR1_PLR1_SIA1_SU32_SUS256_SVW2_TT2_2_USFGRO0_VAW1_VS1_VW1_VWB1_WG16_16_1_WGM8",256,8192,0,48,0,128,"SQ_INSTS_VALU",53354496.000000,2407726503678,2407731301100
46,46,"Agent 1",1,20349,20349,262144,95,"Cijk_Ailk_Bljk_DB_MT32x32x8_SN_AMAS0_BL0_BS1_GLVWA1_GLVWB1_GRVW1_GSU1_GSUASB_K1_LRVW1_NLCA1_NLCB1_PGR1_PLR1_SIA1_SU32_SUS256_SVW2_TT2_2_USFGRO0_VAW1_VS1_VW1_VWB1_WG16_16_1_WGM8",256,8192,0,48,0,128,"SQ_WAVES",8192.000000,2407726503678,2407731301100
47,47,"Agent 1",1,20349,20349,262144,95,"Cijk_Ailk_Bljk_DB_MT32x32x8_SN_AMAS0_BL0_BS1_GLVWA1_GLVWB1_GRVW1_GSU1_GSUASB_K1_LRVW1_NLCA1_NLCB1_PGR1_PLR1_SIA1_SU32_SUS256_SVW2_TT2_2_USFGRO0_VAW1_VS1_VW1_VWB1_WG16_16_1_WGM8",256,8192,0,48,0,128,"GRBM_GUI_ACTIVE",7208123.000000,2407731347546,2407736144528
47,47,"Agent 1",1,20349,20349,262144,95,"Cijk_Ailk_Bljk_DB_MT32x32x8_SN_AMAS0_BL0_BS1_GLVWA1_GLVWB1_GRVW1_GSU1_GSUASB_K1_LRVW1_NLCA1_NLCB1_PGR1_PLR1_SIA1_SU32_SUS256_SVW2_TT2_2_USFGRO0_VAW1_VS1_VW1_VWB1_WG16_16_1_WGM8",256,8192,0,48,0,128,"SQ_BUSY_CYCLES",14398734.000000,2407731347546,2407736144528
47,47,"Agent 1",1,20349,20349,262144,95,"Cijk_Ailk_Bljk_DB_MT32x32x8_SN_AMAS0_BL0_BS1_GLVWA1_GLVWB1_GRVW1_GSU1_GSUASB_K1_LRVW1_NLCA1_NLCB1_PGR1_PLR1_SIA1_SU32_SUS256_SVW2_TT2_2_USFGRO0_VAW1_VS1_VW1_VWB1_WG16_16_1_WGM8",256,8192,0,48,0,128,"SQ_INSTS_VALU",53354496.000000,2407731347546,2407736144528
47,47,"Agent 1",1,20349,20349,262144,95,"Cijk_Ailk_Bljk_DB_MT32x32x8_SN_AMAS0_BL0_BS1_GLVWA1_GLVWB1_GRVW1_GSU1_GSUASB_K1_LRVW1_NLCA1_NLCB1_PGR1_PLR1_SIA1_SU32_SUS256_SVW2_TT2_2_USFGRO0_VAW1_VS1_VW1_VWB1_WG16_16_1_WGM8",256,8192,0,48,0,128,"SQ_WAVES",8192.000000,2407731347546,2407736144528
48,48,"Agent 1",1,20349,20349,262144,95,"Cijk_Ailk_Bljk_DB_MT32x32x8_SN_AMAS0_BL0_BS1_GLVWA1_GLVWB1_GRVW1_GSU1_GSUASB_K1_LRVW1_NLCA1_NLCB1_PGR1_PLR1_SIA1_SU32_SUS256_SVW2_TT2_2_USFGRO0_VAW1_VS1_VW1_VWB1_WG16_16_1_WGM8",256,8192,0,48,0,128,"GRBM_GUI_ACTIVE",7207646.000000,2407736189251,2407740986433
48,48,"Agent 1",1,20349,20349,262144,95,"Cijk_Ailk_Bljk_DB_MT32x32x8_SN_AMAS0_BL0_BS1_GLVWA1_GLVWB1_GRVW1_GSU1_GSUASB_K1_LRVW1_NLCA1_NLCB1_PGR1_PLR1_SIA1_SU32_SUS256_SVW2_TT2_2_USFGRO0_VAW1_VS1_VW1_VWB1_WG16_16_1_WGM8",256,8192,0,48,0,128,"SQ_BUSY_CYCLES",14399486.000000,2407736189251,2407740986433
48,48,"Agent 1",1,20349,20349,262144,95,"Cijk_Ailk_Bljk_DB_MT32x32x8_SN_AMAS0_BL0_BS1_GLVWA1_GLVWB1_GRVW1_GSU1_GSUASB_K1_LRVW1_NLCA1_NLCB1_PGR1_PLR1_SIA1_SU32_SUS256_SVW2_TT2_2_USFGRO0_VAW1_VS1_VW1_VWB1_WG16_16_1_WGM8",256,8192,0,48,0,128,"SQ_INSTS_VALU",53354496.000000,2407736189251,2407740986433
48,48,"Agent 1",1,20349,20349,262144,95,"Cijk_Ailk_Bljk_DB_MT32x32x8_SN_AMAS0_BL0_BS1_GLVWA1_GLVWB1_GRVW1_GSU1_GSUASB_K1_LRVW1_NLCA1_NLCB1_PGR1_PLR1_SIA1_SU32_SUS256_SVW2_TT2_2_USFGRO0_VAW1_VS1_VW1_VWB1_WG16_16_1_WGM8",256,8192,0,48,0,128,"SQ_WAVES",8192.000000,2407736189251,2407740986433
49,49,"Agent 1",1,20349,20349,1048576,95,"Cijk_Ailk_Bljk_DB_MT32x32x8_SN_AMAS0_BL0_BS1_GLVWA1_GLVWB1_GRVW1_GSU1_GSUASB_K1_LRVW1_NLCA1_NLCB1_PGR1_PLR1_SIA1_SU32_SUS256_SVW2_TT2_2_USFGRO0_VAW1_VS1_VW1_VWB1_WG16_16_1_WGM8",256,8192,0,48,0,128,"GRBM_GUI_ACTIVE",56504959.000000,2407812974786,2407850617309
49,49,"Agent 1",1,20349,20349,1048576,95,"Cijk_Ailk_Bljk_DB_MT32x32x8_SN_AMAS0_BL0_BS1_GLVWA1_GLVWB1_GRVW1_GSU1_GSUASB_K1_LRVW1_NLCA1_NLCB1_PGR1_PLR1_SIA1_SU32_SUS256_SVW2_TT2_2_USFGRO0_VAW1_VS1_VW1_VWB1_WG16_16_1_WGM8",256,8192,0,48,0,128,"SQ_BUSY_CYCLES",112984891.000000,2407812974786,2407850617309
49,49,"Agent 1",1,20349,20349,1048576,95,"Cijk_Ailk_Bljk_DB_MT32x32x8_SN_AMAS0_BL0_BS1_GLVWA1_GLVWB1_GRVW1_GSU1_GSUASB_K1_LRVW1_NLCA1_NLCB1_PGR1_PLR1_SIA1_SU32_SUS256_SVW2_TT2_2_USFGRO0_VAW1_VS1_VW1_VWB1_WG16_16_1_WGM8",256,8192,0,48,0,128,"SQ_INSTS_VALU",423133184.000000,2407812974786,2407850617309
49,49,"Agent 1",1,20349,20349,1048576,95,"Cijk_Ailk_Bljk_DB_MT32x32x8_SN_AMAS0_BL0_BS1_GLVWA1_GLVWB1_GRVW1_GSU1_GSUASB_K1_LRVW1_NLCA1_NLCB1_PGR1_PLR1_SIA1_SU32_SUS256_SVW2_TT2_2_USFGRO0_VAW1_VS1_VW1_VWB1_WG16_16_1_WGM8",256,8192,0,48,0,128,"SQ_WAVES",32768.000000,2407812974786,2407850617309
50,50,"Agent 1",1,20349,20349,1048576,95,"Cijk_Ailk_Bljk_DB_MT32x32x8_SN_AMAS0_BL0_BS1_GLVWA1_GLVWB1_GRVW1_GSU1_GSUASB_K1_LRVW1_NLCA1_NLCB1_PGR1_PLR1_SIA1_SU32_SUS256_SVW2_TT2_2_USFGRO0_VAW1_VS1_VW1_VWB1_WG16_16_1_WGM8",256,8192,0,48,0,128,"GRBM_GUI_ACTIVE",56497707.000000,2407850678262,2407888319463
50,50,"Agent 1",1,20349,20349,1048576,95,"Cijk_Ailk_Bljk_DB_MT32x32x8_SN_AMAS0_BL0_BS1_GLVWA1_GLVWB1_GRVW1_GSU1_GSUASB_K1_LRVW1_NLCA1_NLCB1_PGR1_PLR1_SIA1_SU32_SUS256_SVW2_TT2_2_USFGRO0_VAW1_VS1_VW1_VWB1_WG16_16_1_WGM8",256,8192,0,48,0,128,"SQ_BUSY_CYCLES",112978102.000000,2407850678262,2407888319463
50,50,"Agent 1",1,20349,20349,1048576,95,"Cijk_Ailk_Bljk_DB_MT32x32x8_SN_AMAS0_BL0_BS1_GLVWA1_GLVWB1_GRVW1_GSU1_GSUASB_K1_LRVW1_NLCA1_NLCB1_PGR1_PLR1_SIA1_SU32_SUS256_SVW2_TT2_2_USFGRO0_VAW1_VS1_VW1_VWB1_WG16_16_1_WGM8",256,8192,0,48,0,128,"SQ_INSTS_VALU",423133184.000000,2407850678262,2407888319463
50,50,"Agent 1",1,20349,20349,1048576,95,"Cijk_Ailk_Bljk_DB_MT32x32x8_SN_AMAS0_BL0_BS1_GLVWA1_GLVWB1_GRVW1_GSU1_GSUASB_K1_LRVW1_NLCA1_NLCB1_PGR1_PLR1_SIA1_SU32_SUS256_SVW2_TT2_2_USFGRO0_VAW1_VS1_VW1_VWB1_WG16_16_1_WGM8",256,8192,0,48,0,128,"SQ_WAVES",32768.000000,2407850678262,2407888319463
51,51,"Agent 1",1,20349,20349,1048576,95,"Cijk_Ailk_Bljk_DB_MT32x32x8_SN_AMAS0_BL0_BS1_GLVWA1_GLVWB1_GRVW1_GSU1_GSUASB_K1_LRVW1_NLCA1_NLCB1_PGR1_PLR1_SIA1_SU32_SUS256_SVW2_TT2_2_USFGRO0_VAW1_VS1_VW1_VWB1_WG16_16_1_WGM8",256,8192,0,48,0,128,"GRBM_GUI_ACTIVE",56499979.000000,2407888370980,2407926013381
51,51,"Agent 1",1,20349,20349,1048576,95,"Cijk_Ailk_Bljk_DB_MT32x32x8_SN_AMAS0_BL0_BS1_GLVWA1_GLVWB1_GRVW1_GSU1_GSUASB_K1_LRVW1_NLCA1_NLCB1_PGR1_PLR1_SIA1_SU32_SUS256_SVW2_TT2_2_USFGRO0_VAW1_VS1_VW1_VWB1_WG16_16_1_WGM8",256,8192,0,48,0,128,"SQ_BUSY_CYCLES",112982677.000000,2407888370980,2407926013381
51,51,"Agent 1",1,20349,20349,1048576,95,"Cijk_Ailk_Bljk_DB_MT32x32x8_SN_AMAS0_BL0_BS1_GLVWA1_GLVWB1_GRVW1_GSU1_GSUASB_K1_LRVW1_NLCA1_NLCB1_PGR1_PLR1_SIA1_SU32_SUS256_SVW2_TT2_2_USFGRO0_VAW1_VS1_VW1_VWB1_WG16_16_1_WGM8",256,8192,0,48,0,128,"SQ_INSTS_VALU",423133184.000000,2407888370980,2407926013381
51,51,"Agent 1",1,20349,20349,1048576,95,"Cijk_Ailk_Bljk_DB_MT32x32x8_SN_AMAS0_BL0_BS1_GLVWA1_GLVWB1_GRVW1_GSU1_GSUASB_K1_LRVW1_NLCA1_NLCB1_PGR1_PLR1_SIA1_SU32_SUS256_SVW2_TT2_2_USFGRO0_VAW1_VS1_VW1_VWB1_WG16_16_1_WGM8",256,8192,0,48,0,128,"SQ_WAVES",32768.000000,2407888370980,2407926013381
52,52,"Agent 1",1,20349,20349,1048576,95,"Cijk_Ailk_Bljk_DB_MT32x32x8_SN_AMAS0_BL0_BS1_GLVWA1_GLVWB1_GRVW1_GSU1_GSUASB_K1_LRVW1_NLCA1_NLCB1_PGR1_PLR1_SIA1_SU32_SUS256_SVW2_TT2_2_USFGRO0_VAW1_VS1_VW1_VWB1_WG16_16_1_WGM8",256,8192,0,48,0,128,"GRBM_GUI_ACTIVE",56498110.000000,2407926064516,2407963706756
52,52,"Agent 1",1,20349,20349,1048576,95,"Cijk_Ailk_Bljk_DB_MT32x32x8_SN_AMAS0_BL0_BS1_GLVWA1_GLVWB1_GRVW1_GSU1_GSUASB_K1_LRVW1_NLCA1_NLCB1_PGR1_PLR1_SIA1_SU32_SUS256_SVW2_TT2_2_USFGRO0_VAW1_VS1_VW1_VWB1_WG16_16_1_WGM8",256,8192,0,48,0,128,"SQ_BUSY_CYCLES",112979997.000000,2407926064516,2407963706756
52,52,"Agent 1",1,20349,20349,1048576,95,"Cijk_Ailk_Bljk_DB_MT32x32x8_SN_AMAS0_BL0_BS1_GLVWA1_GLVWB1_GRVW1_GSU1_GSUASB_K1_LRVW1_NLCA1_NLCB1_PGR1_PLR1_SIA1_SU32_SUS256_SVW2_TT2_2_USFGRO0_VAW1_VS1_VW1_VWB1_WG16_16_1_WGM8",256,8192,0,48,0,128,"SQ_INSTS_VALU",423133184.000000,2407926064516,2407963706756
52,52,"Agent 1",1,20349,20349,1048576,95,"Cijk_Ailk_Bljk_DB_MT32x32x8_SN_AMAS0_BL0_BS1_GLVWA1_GLVWB1_GRVW1_GSU1_GSUASB_K1_LRVW1_NLCA1_NLCB1_PGR1_PLR1_SIA1_SU32_SUS256_SVW2_TT2_2_USFGRO0_VAW1_VS1_VW1_VWB1_WG16_16_1_WGM8",256,8192,0,48,0,128,"SQ_WAVES",32768.000000,2407926064516,2407963706756
53,53,"Agent 1",1,20349,20349,4194304,95,"Cijk_Ailk_Bljk_DB_MT32x32x8_SN_AMAS0_BL0_BS1_GLVWA1_GLVWB1_GRVW1_GSU1_GSUASB_K1_LRVW1_NLCA1_NLCB1_PGR1_PLR1_SIA1_SU32_SUS256_SVW2_TT2_2_USFGRO0_VAW1_VS1_VW1_VWB1_WG16_16_1_WGM8",256,8192,0,48,0,128,"GRBM_GUI_ACTIVE",451197542.000000,2408248072943,2408548647300
53,53,"Agent 1",1,20349,20349,4194304,95,"Cijk_Ailk_Bljk_DB_MT32x32x8_SN_AMAS0_BL0_BS1_GLVWA1_GLVWB1_GRVW1_GSU1_GSUASB_K1_LRVW1_NLCA1_NLCB1_PGR1_PLR1_SIA1_SU32_SUS256_SVW2_TT2_2_USFGRO0_VAW1_VS1_VW1_VWB1_WG16_16_1_WGM8",256,8192,0,48,0,128,"SQ_BUSY_CYCLES",902372828.000000,2408248072943,2408548647300
53,53,"Agent 1",1,20349,20349,4194304,95,"Cijk_Ailk_Bljk_DB_MT32x32x8_SN_AMAS0_BL0_BS1_GLVWA1_GLVWB1_GRVW1_GSU1_GSUASB_K1_LRVW1_NLCA1_NLCB1_PGR1_PLR1_SIA1_SU32_SUS256_SVW2_TT2_2_USFGRO0_VAW1_VS1_VW1_VWB1_WG16_16_1_WGM8",256,8192,0,48,0,128,"SQ_INSTS_VALU",3370254336.000000,2408248072943,2408548647300
53,53,"Agent 1",1,20349,20349,4194304,95,"Cijk_Ailk_Bljk_DB_MT32x32x8_SN_AMAS0_BL0_BS1_GLVWA1_GLVWB1_GRVW1_GSU1_GSUASB_K1_LRVW1_NLCA1_NLCB1_PGR1_PLR1_SIA1_SU32_SUS256_SVW2_TT2_2_USFGRO0_VAW1_VS1_VW1_VWB1_WG16_16_1_WGM8",256,8192,0,48,0,128,"SQ_WAVES",131072.000000,2408248072943,2408548647300
54,54,"Agent 1",1,20349,20349,4194304,95,"Cijk_Ailk_Bljk_DB_MT32x32x8_SN_AMAS0_BL0_BS1_GLVWA1_GLVWB1_GRVW1_GSU1_GSUASB_K1_LRVW1_NLCA1_NLCB1_PGR1_PLR1_SIA1_SU32_SUS256_SVW2_TT2_2_USFGRO0_VAW1_VS1_VW1_VWB1_WG16_16_1_WGM8",256,8192,0,48,0,128,"GRBM_GUI_ACTIVE",451190451.000000,2408548702321,2408849291297
54,54,"Agent 1",1,20349,20349,4194304,95,"Cijk_Ailk_Bljk_DB_MT32x32x8_SN_AMAS0_BL0_BS1_GLVWA1_GLVWB1_GRVW1_GSU1_GSUASB_K1_LRVW1_NLCA1_NLCB1_PGR1_PLR1_SIA1_SU32_SUS256_SVW2_TT2_2_USFGRO0_VAW1_VS1_VW1_VWB1_WG16_16_1_WGM8",256,8192,0,48,0,128,"SQ_BUSY_CYCLES",902364143.000000,2408548702321,2408849291297
54,54,"Agent 1",1,20349,20349,4194304,95,"Cijk_Ailk_Bljk_DB_MT32x32x8_SN_AMAS0_BL0_BS1_GLVWA1_GLVWB1_GRVW1_GSU1_GSUASB_K1_LRVW1_NLCA1_NLCB1_PGR1_PLR1_SIA1_SU32_SUS256_SVW2_TT2_2_USFGRO0_VAW1_VS1_VW1_VWB1_WG16_16_1_WGM8",256,8192,0,48,0,128,"SQ_INSTS_VALU",3370254336.000000,2408548702321,2408849291297
54,54,"Agent 1",1,20349,20349,4194304,95,"Cijk_Ailk_Bljk_DB_MT32x32x8_SN_AMAS0_BL0_BS1_GLVWA1_GLVWB1_GRVW1_GSU1_GSUASB_K1_LRVW1_NLCA1_NLCB1_PGR1_PLR1_SIA1_SU32_SUS256_SVW2_TT2_2_USFGRO0_VAW1_VS1_VW1_VWB1_WG16_16_1_WGM8",256,8192,0,48,0,128,"SQ_WAVES",131072.000000,2408548702321,2408849291297
55,55,"Agent 1",1,20349,20349,4194304,95,"Cijk_Ailk_Bljk_DB_MT32x32x8_SN_AMAS0_BL0_BS1_GLVWA1_GLVWB1_GRVW1_GSU1_GSUASB_K1_LRVW1_NLCA1_NLCB1_PGR1_PLR1_SIA1_SU32_SUS256_SVW2_TT2_2_USFGRO0_VAW1_VS1_VW1_VWB1_WG16_16_1_WGM8",256,8192,0,48,0,128,"GRBM_GUI_ACTIVE",451192148.000000,2408849346553,2409149925471
55,55,"Agent 1",1,20349,20349,4194304,95,"Cijk_Ailk_Bljk_DB_MT32x32x8_SN_AMAS0_BL0_BS1_GLVWA1_GLVWB1_GRVW1_GSU1_GSUASB_K1_LRVW1_NLCA1_NLCB1_PGR1_PLR1_SIA1_SU32_SUS256_SVW2_TT2_2_USFGRO0_VAW1_VS1_VW1_VWB1_WG16_16_1_WGM8",256,8192,0,48,0,128,"SQ_BUSY_CYCLES",902364796.000000,2408849346553,2409149925471
55,55,"Agent 1",1,20349,20349,4194304,95,"Cijk_Ailk_Bljk_DB_MT32x32x8_SN_AMAS0_BL0_BS1_GLVWA1_GLVWB1_GRVW1_GSU1_GSUASB_K1_LRVW1_NLCA1_NLCB1_PGR1_PLR1_SIA1_SU32_SUS256_SVW2_TT2_2_USFGRO0_VAW1_VS1_VW1_VWB1_WG16_16_1_WGM8",256,8192,0,48,0,128,"SQ_INSTS_VALU",3370254336.000000,2408849346553,2409149925471
55,55,"Agent 1",1,20349,20349,4194304,95,"Cijk_Ailk_Bljk_DB_MT32x32x8_SN_AMAS0_BL0_BS1_GLVWA1_GLVWB1_GRVW1_GSU1_GSUASB_K1_LRVW1_NLCA1_NLCB1_PGR1_PLR1_SIA1_SU32_SUS256_SVW2_TT2_2_USFGRO0_VAW1_VS1_VW1_VWB1_WG16_16_1_WGM8",256,8192,0,48,0,128,"SQ_WAVES",131072.000000,2408849346553,2409149925471
56,56,"Agent 1",1,20349,20349,4194304,95,"Cijk_Ailk_Bljk_DB_MT32x32x8_SN_AMAS0_BL0_BS1_GLVWA1_GLVWB1_GRVW1_GSU1_GSUASB_K1_LRVW1_NLCA1_NLCB1_PGR1_PLR1_SIA1_SU32_SUS256_SVW2_TT2_2_USFGRO0_VAW1_VS1_VW1_VWB1_WG16_16_1_WGM8",256,8192,0,48,0,128,"GRBM_GUI_ACTIVE",451191611.000000,2409149976235,2409450565412
56,56,"Agent 1",1,20349,20349,4194304,95,"Cijk_Ailk_Bljk_DB_MT32x32x8_SN_AMAS0_BL0_BS1_GLVWA1_GLVWB1_GRVW1_GSU1_GSUASB_K1_LRVW1_NLCA1_NLCB1_PGR1_PLR1_SIA1_SU32_SUS256_SVW2_TT2_2_USFGRO0_VAW1_VS1_VW1_VWB1_WG16_16_1_WGM8",256,8192,0,48,0,128,"SQ_BUSY_CYCLES",902366216.000000,2409149976235,2409450565412
56,56,"Agent 1",1,20349,20349,4194304,95,"Cijk_Ailk_Bljk_DB_MT32x32x8_SN_AMAS0_BL0_BS1_GLVWA1_GLVWB1_GRVW1_GSU1_GSUASB_K1_LRVW1_NLCA1_NLCB1_PGR1_PLR1_SIA1_SU32_SUS256_SVW2_TT2_2_USFGRO0_VAW1_VS1_VW1_VWB1_WG16_16_1_WGM8",256,8192,0,48,0,128,"SQ_INSTS_VALU",3370254336.000000,2409149976235,2409450565412
56,56,"Agent 1",1,20349,20349,4194304,95,"Cijk_Ailk_Bljk_DB_MT32x32x8_SN_AMAS0_BL0_BS1_GLVWA1_GLVWB1_GRVW1_GSU1_GSUASB_K1_LRVW1_NLCA1_NLCB1_PGR1_PLR1_SIA1_SU32_SUS256_SVW2_TT2_2_USFGRO0_VAW1_VS1_VW1_VWB1_WG16_16_1_WGM8",256,8192,0,48,0,128,"SQ_WAVES",131072.000000,2409149976235,2409450565412
