1786608645	57.0	0: 1000Mhz *
1786608665	73.0	1: 1500Mhz *
1786608685	75.0	1: 1500Mhz *
1786608705	80.0	1: 1500Mhz *
1786608725	77.0	1: 1500Mhz *
1786608745	66.0	0: 1000Mhz *
1786608765	91.0	1: 1500Mhz *
1786608785	71.0	0: 1000Mhz *
1786608805	68.0	0: 1000Mhz *
1786608825	67.0	0: 1000Mhz *
1786608845	87.0	1: 1500Mhz *
1786608865	73.0	1: 1500Mhz *
1786608885	72.0	1: 1500Mhz *
1786608905	68.0	0: 1000Mhz *
1786608925	74.0	1: 1500Mhz *
1786608945	74.0	1: 1500Mhz *
1786608965	67.0	0: 1000Mhz *
1786608985	68.0	0: 1000Mhz *
1786609005	83.0	1: 1500Mhz *
1786609025	81.0	1: 1500Mhz *
1786609045	68.0	0: 1000Mhz *
1786609065	85.0	1: 1500Mhz *
1786609085	66.0	0: 1000Mhz *
1786609105	87.0	1: 1500Mhz *
1786609125	69.0	0: 1000Mhz *
1786609145	86.0	1: 1500Mhz *
1786609165	67.0	0: 1000Mhz *
1786609185	73.0	1: 1500Mhz *
1786609205	68.0	0: 1000Mhz *
1786609225	68.0	0: 1000Mhz *
1786609245	69.0	1: 1500Mhz *
1786609265	86.0	1: 1500Mhz *
1786609285	69.0	0: 1000Mhz *
1786609305	66.0	0: 1000Mhz *
1786609325	69.0	1: 1500Mhz *
1786609345	75.0	1: 1500Mhz *
1786609365	78.0	1: 1500Mhz *
1786609385	79.0	1: 1500Mhz *
1786609405	72.0	0: 1000Mhz *
1786609425	80.0	1: 1500Mhz *
1786609445	89.0	1: 1500Mhz *
1786609465	90.0	1: 1500Mhz *
1786609485	79.0	1: 1500Mhz *
1786609505	70.0	0: 1000Mhz *
1786609525	77.0	1: 1500Mhz *
1786609545	74.0	1: 1500Mhz *
1786609566	68.0	0: 1000Mhz *
1786609586	70.0	0: 1000Mhz *
1786609606	84.0	1: 1500Mhz *
1786609626	87.0	1: 1500Mhz *
1786609646	68.0	0: 1000Mhz *
1786609666	68.0	0: 1000Mhz *
1786609686	70.0	1: 1500Mhz *
1786609706	86.0	1: 1500Mhz *
1786609726	68.0	0: 1000Mhz *
1786609746	68.0	0: 1000Mhz *
1786609766	70.0	1: 1500Mhz *
1786609786	74.0	1: 1500Mhz *
1786609806	69.0	0: 1000Mhz *
1786609826	72.0	1: 1500Mhz *
1786609846	67.0	0: 1000Mhz *
1786609866	85.0	1: 1500Mhz *
1786609886	69.0	0: 1000Mhz *
1786609906	73.0	1: 1500Mhz *
1786609926	67.0	0: 1000Mhz *
1786609946	74.0	1: 1500Mhz *
1786609966	68.0	0: 1000Mhz *
1786609986	81.0	1: 1500Mhz *
1786610006	66.0	0: 1000Mhz *
1786610026	74.0	1: 1500Mhz *
1786610046	77.0	1: 1500Mhz *
1786610066	80.0	1: 1500Mhz *
1786610086	68.0	0: 1000Mhz *
1786610106	77.0	1: 1500Mhz *
1786610126	88.0	1: 1500Mhz *
1786610146	72.0	0: 1000Mhz *
1786610166	70.0	0: 1000Mhz *
1786610186	69.0	0: 1000Mhz *
1786610206	81.0	1: 1500Mhz *
1786610226	87.0	1: 1500Mhz *
1786610246	68.0	0: 1000Mhz *
1786610266	81.0	1: 1500Mhz *
1786610286	66.0	0: 1000Mhz *
1786610306	90.0	1: 1500Mhz *
1786610326	69.0	0: 1000Mhz *
1786610346	79.0	1: 1500Mhz *
1786610366	67.0	0: 1000Mhz *
1786610386	75.0	1: 1500Mhz *
1786610406	70.0	0: 1000Mhz *
1786610426	68.0	0: 1000Mhz *
1786610446	67.0	0: 1000Mhz *
1786610466	80.0	1: 1500Mhz *
1786610486	73.0	1: 1500Mhz *
1786610506	68.0	0: 1000Mhz *
1786610526	89.0	1: 1500Mhz *
1786610546	89.0	1: 1500Mhz *
1786610566	69.0	0: 1000Mhz *
1786610586	70.0	0: 1000Mhz *
1786610606	67.0	0: 1000Mhz *
1786610626	84.0	1: 1500Mhz *
1786610646	72.0	1: 1500Mhz *
1786610666	67.0	0: 1000Mhz *
1786610686	68.0	0: 1000Mhz *
1786610706	62.0	0: 1000Mhz *
1786610726	77.0	1: 1500Mhz *
1786610746	78.0	1: 1500Mhz *
1786610766	80.0	1: 1500Mhz *
1786610786	76.0	1: 1500Mhz *
1786610806	80.0	1: 1500Mhz *
1786610826	78.0	1: 1500Mhz *
1786610846	69.0	0: 1000Mhz *
1786610866	70.0	0: 1000Mhz *
1786610886	82.0	1: 1500Mhz *
1786610906	91.0	1: 1500Mhz *
1786610926	69.0	0: 1000Mhz *
1786610946	68.0	0: 1000Mhz *
1786610966	71.0	1: 1500Mhz *
1786610986	89.0	1: 1500Mhz *
1786611006	70.0	0: 1000Mhz *
1786611026	71.0	1: 1500Mhz *
1786611046	66.0	0: 1000Mhz *
1786611066	90.0	1: 1500Mhz *
1786611086	70.0	0: 1000Mhz *
1786611106	77.0	1: 1500Mhz *
1786611126	68.0	0: 1000Mhz *
1786611146	87.0	1: 1500Mhz *
1786611166	76.0	1: 1500Mhz *
1786611186	68.0	0: 1000Mhz *
1786611206	68.0	0: 1000Mhz *
1786611226	90.0	1: 1500Mhz *
1786611246	72.0	1: 1500Mhz *
1786611266	68.0	0: 1000Mhz *
1786611286	69.0	0: 1000Mhz *
1786611306	72.0	1: 1500Mhz *
1786611327	74.0	1: 1500Mhz *
1786611347	67.0	0: 1000Mhz *
1786611367	85.0	1: 1500Mhz *
1786611387	66.0	0: 1000Mhz *
1786611407	76.0	1: 1500Mhz *
1786611427	79.0	1: 1500Mhz *
1786611447	81.0	1: 1500Mhz *
1786611467	79.0	1: 1500Mhz *
1786611487	67.0	0: 1000Mhz *
1786611507	93.0	1: 1500Mhz *
1786611527	72.0	0: 1000Mhz *
1786611547	68.0	0: 1000Mhz *
1786611567	76.0	1: 1500Mhz *
1786611587	83.0	1: 1500Mhz *
1786611607	70.0	0: 1000Mhz *
1786611627	84.0	1: 1500Mhz *
1786611647	69.0	0: 1000Mhz *
1786611667	90.0	1: 1500Mhz *
1786611687	73.0	0: 1000Mhz *
1786611707	68.0	0: 1000Mhz *
1786611727	84.0	1: 1500Mhz *
1786611747	90.0	1: 1500Mhz *
1786611767	74.0	1: 1500Mhz *
1786611787	68.0	0: 1000Mhz *
1786611807	69.0	0: 1000Mhz *
1786611827	86.0	1: 1500Mhz *
1786611847	73.0	1: 1500Mhz *
1786611867	72.0	1: 1500Mhz *
1786611887	69.0	0: 1000Mhz *
1786611907	72.0	1: 1500Mhz *
1786611927	86.0	1: 1500Mhz *
1786611947	87.0	1: 1500Mhz *
1786611967	69.0	0: 1000Mhz *
1786611987	80.0	1: 1500Mhz *
1786612007	72.0	1: 1500Mhz *
1786612027	67.0	0: 1000Mhz *
1786612047	69.0	0: 1000Mhz *
1786612067	64.0	0: 1000Mhz *
1786612087	77.0	1: 1500Mhz *
1786612107	77.0	1: 1500Mhz *
1786612127	81.0	1: 1500Mhz *
1786612147	79.0	1: 1500Mhz *
1786612167	77.0	1: 1500Mhz *
1786612187	86.0	1: 1500Mhz *
1786612207	70.0	0: 1000Mhz *
1786612227	68.0	0: 1000Mhz *
1786612247	87.0	1: 1500Mhz *
1786612267	89.0	1: 1500Mhz *
1786612287	71.0	0: 1000Mhz *
1786612307	68.0	0: 1000Mhz *
1786612327	84.0	1: 1500Mhz *
1786612347	91.0	1: 1500Mhz *
1786612367	85.0	1: 1500Mhz *
1786612387	72.0	1: 1500Mhz *
1786612407	69.0	0: 1000Mhz *
1786612427	71.0	1: 1500Mhz *
1786612447	73.0	1: 1500Mhz *
1786612467	67.0	0: 1000Mhz *
1786612487	68.0	0: 1000Mhz *
1786612507	84.0	1: 1500Mhz *
1786612527	88.0	1: 1500Mhz *
1786612547	68.0	0: 1000Mhz *
1786612567	74.0	1: 1500Mhz *
1786612587	66.0	0: 1000Mhz *
1786612607	73.0	1: 1500Mhz *
1786612627	68.0	0: 1000Mhz *
1786612647	74.0	1: 1500Mhz *
1786612667	66.0	0: 1000Mhz *
1786612687	87.0	1: 1500Mhz *
1786612707	68.0	0: 1000Mhz *
1786612727	71.0	1: 1500Mhz *
1786612747	66.0	0: 1000Mhz *
1786612767	76.0	1: 1500Mhz *
1786612787	78.0	1: 1500Mhz *
1786612807	80.0	1: 1500Mhz *
1786612827	67.0	0: 1000Mhz *
1786612847	76.0	1: 1500Mhz *
1786612867	76.0	1: 1500Mhz *
1786612887	71.0	0: 1000Mhz *
1786612907	74.0	1: 1444Mhz *
1786612927	69.0	0: 1000Mhz *
1786612947	86.0	1: 1500Mhz *
1786612967	90.0	1: 1500Mhz *
1786612987	71.0	1: 1500Mhz *
1786613007	69.0	0: 1000Mhz *
1786613027	91.0	1: 1500Mhz *
1786613047	88.0	1: 1500Mhz *
1786613068	68.0	0: 1000Mhz *
1786613088	69.0	0: 1000Mhz *
1786613108	81.0	1: 1500Mhz *
1786613128	86.0	1: 1500Mhz *
1786613148	68.0	0: 1000Mhz *
1786613168	86.0	1: 1500Mhz *
1786613188	66.0	0: 1000Mhz *
1786613208	85.0	1: 1500Mhz *
1786613228	69.0	0: 1000Mhz *
1786613248	86.0	1: 1500Mhz *
1786613268	67.0	0: 1000Mhz *
1786613288	85.0	1: 1500Mhz *
1786613308	69.0	0: 1000Mhz *
1786613328	87.0	1: 1500Mhz *
1786613348	67.0	0: 1000Mhz *
1786613368	74.0	1: 1500Mhz *
1786613388	68.0	0: 1000Mhz *
1786613408	84.0	1: 1500Mhz *
1786613428	69.0	1: 1500Mhz *
1786613448	76.0	1: 1500Mhz *
1786613468	78.0	1: 1500Mhz *
1786613488	80.0	1: 1500Mhz *
1786613508	82.0	1: 1500Mhz *
1786613528	80.0	1: 1500Mhz *
1786613548	83.0	1: 1500Mhz *
1786613568	76.0	1: 1500Mhz *
1786613588	69.0	0: 1000Mhz *
1786613608	74.0	1: 1500Mhz *
1786613628	66.0	0: 1000Mhz *
1786613648	83.0	1: 1500Mhz *
1786613668	69.0	0: 1000Mhz *
1786613688	69.0	0: 1000Mhz *
1786613708	70.0	1: 1500Mhz *
1786613728	86.0	1: 1500Mhz *
1786613748	69.0	0: 1000Mhz *
1786613768	68.0	0: 1000Mhz *
1786613788	67.0	0: 1000Mhz *
1786613808	89.0	1: 1500Mhz *
1786613828	70.0	0: 1000Mhz *
1786613848	67.0	0: 1000Mhz *
1786613868	70.0	1: 1500Mhz *
1786613888	91.0	1: 1500Mhz *
1786613908	70.0	0: 1000Mhz *
1786613928	84.0	1: 1500Mhz *
1786613948	70.0	1: 1500Mhz *
1786613968	83.0	1: 1500Mhz *
1786613988	76.0	1: 1500Mhz *
1786614008	87.0	1: 1500Mhz *
1786614028	68.0	0: 1000Mhz *
1786614048	80.0	1: 1500Mhz *
1786614068	75.0	1: 1500Mhz *
1786614088	66.0	0: 1000Mhz *
1786614108	68.0	0: 1000Mhz *
1786614128	69.0	1: 1500Mhz *
1786614148	75.0	1: 1500Mhz *
1786614168	80.0	1: 1500Mhz *
1786614188	79.0	1: 1500Mhz *
1786614208	80.0	1: 1500Mhz *
1786614228	75.0	1: 1500Mhz *
1786614248	87.0	1: 1500Mhz *
1786614268	71.0	0: 1000Mhz *
1786614288	68.0	0: 1000Mhz *
1786614308	72.0	1: 1500Mhz *
1786614328	73.0	1: 1500Mhz *
1786614348	73.0	1: 1500Mhz *
1786614368	68.0	0: 1000Mhz *
1786614388	89.0	1: 1500Mhz *
1786614408	73.0	1: 1148Mhz *
1786614428	70.0	0: 1000Mhz *
1786614448	85.0	1: 1500Mhz *
1786614468	69.0	1: 1500Mhz *
1786614488	89.0	1: 1500Mhz *
1786614508	74.0	1: 1500Mhz *
1786614528	72.0	1: 1500Mhz *
1786614548	68.0	0: 1000Mhz *
1786614568	73.0	1: 1500Mhz *
1786614588	75.0	1: 1500Mhz *
1786614608	68.0	0: 1000Mhz *
1786614628	71.0	0: 1000Mhz *
1786614648	70.0	0: 1000Mhz *
1786614668	85.0	1: 1500Mhz *
1786614688	69.0	0: 1000Mhz *
1786614708	68.0	0: 1000Mhz *
1786614728	72.0	1: 1500Mhz *
1786614748	87.0	1: 1500Mhz *
1786614768	68.0	0: 1000Mhz *
1786614788	84.0	1: 1500Mhz *
1786614808	66.0	0: 1000Mhz *
1786614828	76.0	1: 1500Mhz *
1786614849	78.0	1: 1500Mhz *
1786614869	79.0	1: 1500Mhz *
1786614889	67.0	0: 1000Mhz *
1786614909	77.0	1: 1500Mhz *
1786614929	83.0	1: 1500Mhz *
1786614949	72.0	0: 1000Mhz *
1786614969	86.0	1: 1500Mhz *
1786614989	83.0	1: 1500Mhz *
1786615009	72.0	1: 1500Mhz *
1786615029	87.0	1: 1500Mhz *
1786615049	72.0	1: 1500Mhz *
1786615069	70.0	0: 1000Mhz *
1786615089	91.0	1: 1500Mhz *
1786615109	73.0	1: 1500Mhz *
1786615129	68.0	0: 1000Mhz *
1786615149	70.0	0: 1000Mhz *
1786615169	85.0	1: 1500Mhz *
1786615189	85.0	1: 1500Mhz *
1786615209	69.0	0: 1000Mhz *
1786615229	70.0	0: 1000Mhz *
1786615249	81.0	1: 1500Mhz *
1786615269	74.0	1: 1500Mhz *
1786615289	68.0	0: 1000Mhz *
1786615309	78.0	1: 1500Mhz *
1786615329	67.0	0: 1000Mhz *
1786615349	85.0	1: 1500Mhz *
1786615369	69.0	0: 1000Mhz *
1786615389	72.0	1: 1500Mhz *
1786615409	67.0	0: 1000Mhz *
1786615429	88.0	1: 1500Mhz *
1786615449	68.0	0: 1000Mhz *
1786615469	67.0	0: 1000Mhz *
1786615489	67.0	0: 1000Mhz *
1786615509	78.0	1: 1500Mhz *
1786615529	77.0	1: 1500Mhz *
1786615549	80.0	1: 1500Mhz *
1786615569	68.0	0: 1000Mhz *
1786615589	79.0	1: 1500Mhz *
1786615609	88.0	1: 1500Mhz *
1786615629	93.0	1: 1500Mhz *
1786615649	76.0	1: 1500Mhz *
1786615669	70.0	0: 1000Mhz *
1786615689	80.0	1: 1500Mhz *
1786615709	88.0	1: 1500Mhz *
1786615729	68.0	0: 1000Mhz *
1786615749	73.0	1: 1500Mhz *
1786615769	66.0	0: 1000Mhz *
1786615789	88.0	1: 1500Mhz *
1786615809	69.0	0: 1000Mhz *
1786615829	68.0	0: 1000Mhz *
1786615849	70.0	1: 1500Mhz *
1786615869	91.0	1: 1500Mhz *
1786615889	69.0	0: 1000Mhz *
1786615909	67.0	0: 1000Mhz *
1786615929	67.0	0: 1000Mhz *
1786615949	77.0	1: 1500Mhz *
1786615969	70.0	0: 1000Mhz *
1786615989	72.0	1: 1500Mhz *
1786616009	67.0	0: 1000Mhz *
1786616029	91.0	1: 1500Mhz *
1786616049	70.0	0: 1000Mhz *
1786616069	72.0	1: 1500Mhz *
1786616089	67.0	0: 1000Mhz *
1786616109	85.0	1: 1500Mhz *
1786616129	69.0	0: 1000Mhz *
1786616149	67.0	0: 1000Mhz *
1786616169	79.0	1: 1500Mhz *
1786616189	73.0	1: 1500Mhz *
1786616209	75.0	1: 1500Mhz *
1786616229	80.0	1: 1500Mhz *
1786616249	80.0	1: 1500Mhz *
1786616269	80.0	1: 1500Mhz *
1786616289	79.0	1: 1500Mhz *
1786616309	87.0	1: 1500Mhz *
1786616329	69.0	0: 1000Mhz *
1786616349	69.0	0: 1000Mhz *
1786616369	84.0	1: 1500Mhz *
1786616389	75.0	1: 1500Mhz *
1786616409	73.0	1: 1500Mhz *
1786616429	68.0	0: 1000Mhz *
1786616449	88.0	1: 1500Mhz *
1786616469	89.0	1: 1500Mhz *
1786616489	70.0	0: 1000Mhz *
1786616509	84.0	1: 1500Mhz *
1786616529	69.0	1: 1500Mhz *
1786616549	89.0	1: 1500Mhz *
1786616569	74.0	1: 1500Mhz *
1786616589	69.0	0: 1000Mhz *
1786616610	72.0	1: 1340Mhz *
1786616630	88.0	1: 1500Mhz *
1786616650	89.0	1: 1500Mhz *
1786616670	72.0	1: 1500Mhz *
1786616690	69.0	0: 1000Mhz *
1786616710	90.0	1: 1500Mhz *
1786616730	84.0	1: 1500Mhz *
1786616750	85.0	1: 1500Mhz *
1786616770	69.0	0: 1000Mhz *
1786616790	80.0	1: 1500Mhz *
1786616810	73.0	1: 1500Mhz *
1786616830	67.0	0: 1000Mhz *
1786616850	69.0	0: 1000Mhz *
1786616870	68.0	1: 1500Mhz *
1786616890	76.0	1: 1500Mhz *
1786616910	80.0	1: 1500Mhz *
1786616930	79.0	1: 1500Mhz *
1786616950	77.0	1: 1500Mhz *
1786616970	75.0	1: 1500Mhz *
1786616990	71.0	0: 1000Mhz *
1786617010	71.0	0: 1000Mhz *
1786617030	85.0	1: 1500Mhz *
1786617050	69.0	0: 1000Mhz *
1786617070	75.0	1: 1500Mhz *
1786617090	70.0	0: 1000Mhz *
1786617110	69.0	0: 1000Mhz *
1786617130	71.0	0: 1000Mhz *
1786617150	76.0	1: 1500Mhz *
1786617170	71.0	0: 1000Mhz *
1786617190	68.0	0: 1000Mhz *
1786617210	71.0	1: 1500Mhz *
1786617230	85.0	1: 1500Mhz *
1786617250	85.0	1: 1500Mhz *
1786617270	68.0	0: 1000Mhz *
1786617290	66.0	0: 1000Mhz *
1786617310	72.0	1: 1500Mhz *
1786617330	75.0	1: 1500Mhz *
1786617350	68.0	0: 1000Mhz *
1786617370	69.0	0: 1000Mhz *
1786617390	90.0	1: 1500Mhz *
1786617410	89.0	1: 1500Mhz *
1786617430	69.0	0: 1000Mhz *
1786617450	69.0	0: 1000Mhz *
1786617470	85.0	1: 1500Mhz *
1786617490	72.0	1: 1500Mhz *
1786617510	67.0	0: 1000Mhz *
1786617530	69.0	0: 1000Mhz *
1786617550	62.0	0: 1000Mhz *
1786617570	76.0	1: 1500Mhz *
1786617590	79.0	1: 1500Mhz *
1786617610	82.0	1: 1500Mhz *
1786617630	79.0	1: 1500Mhz *
1786617650	80.0	1: 1500Mhz *
1786617670	89.0	1: 1500Mhz *
1786617690	70.0	0: 1000Mhz *
1786617710	74.0	1: 1500Mhz *
1786617730	68.0	0: 1000Mhz *
1786617750	74.0	1: 1500Mhz *
1786617770	85.0	1: 1500Mhz *
1786617790	68.0	0: 1000Mhz *
1786617810	67.0	0: 1000Mhz *
1786617830	88.0	1: 1500Mhz *
1786617850	70.0	0: 1000Mhz *
1786617870	71.0	1: 1500Mhz *
1786617890	67.0	0: 1000Mhz *
1786617910	90.0	1: 1500Mhz *
1786617930	70.0	0: 1000Mhz *
1786617950	84.0	1: 1500Mhz *
1786617970	70.0	1: 1500Mhz *
1786617990	76.0	1: 1500Mhz *
1786618010	85.0	1: 1500Mhz *
1786618030	84.0	1: 1500Mhz *
1786618050	69.0	0: 1000Mhz *
1786618070	81.0	1: 1500Mhz *
1786618090	71.0	0: 1000Mhz *
1786618110	68.0	0: 1000Mhz *
1786618130	70.0	0: 1000Mhz *
1786618150	70.0	0: 1000Mhz *
1786618170	86.0	1: 1500Mhz *
1786618190	67.0	0: 1000Mhz *
1786618210	71.0	1: 1500Mhz *
1786618230	65.0	0: 1000Mhz *
1786618250	77.0	1: 1500Mhz *
1786618270	78.0	1: 1500Mhz *
1786618290	81.0	1: 1500Mhz *
1786618310	79.0	1: 1500Mhz *
1786618330	66.0	0: 1000Mhz *
1786618351	74.0	1: 1500Mhz *
1786618371	71.0	0: 1000Mhz *
1786618391	68.0	0: 1000Mhz *
1786618411	67.0	0: 1000Mhz *
1786618431	90.0	1: 1500Mhz *
1786618451	89.0	1: 1500Mhz *
1786618471	71.0	1: 1500Mhz *
1786618491	69.0	0: 1000Mhz *
1786618511	76.0	1: 1500Mhz *
1786618531	87.0	1: 1500Mhz *
1786618551	68.0	0: 1000Mhz *
1786618571	69.0	0: 1000Mhz *
1786618591	80.0	1: 1500Mhz *
1786618611	75.0	1: 1500Mhz *
1786618631	68.0	0: 1000Mhz *
1786618651	73.0	1: 1500Mhz *
1786618671	67.0	0: 1000Mhz *
1786618691	78.0	1: 1500Mhz *
1786618711	68.0	0: 1000Mhz *
1786618731	87.0	1: 1500Mhz *
1786618751	67.0	0: 1000Mhz *
1786618771	75.0	1: 1500Mhz *
1786618791	69.0	0: 1000Mhz *
1786618811	72.0	1: 1500Mhz *
1786618831	83.0	1: 1500Mhz *
1786618851	86.0	1: 1500Mhz *
1786618871	69.0	0: 1000Mhz *
1786618891	67.0	0: 1000Mhz *
1786618911	70.0	1: 1500Mhz *
1786618931	74.0	1: 1500Mhz *
1786618951	78.0	1: 1500Mhz *
1786618971	80.0	1: 1500Mhz *
1786618991	72.0	1: 1500Mhz *
1786619011	77.0	1: 1500Mhz *
1786619031	75.0	1: 1500Mhz *
1786619051	90.0	1: 1500Mhz *
1786619071	69.0	0: 1000Mhz *
1786619091	70.0	0: 1000Mhz *
1786619111	85.0	1: 1500Mhz *
1786619131	88.0	1: 1500Mhz *
1786619151	68.0	0: 1000Mhz *
1786619171	73.0	1: 1500Mhz *
1786619191	66.0	0: 1000Mhz *
1786619211	86.0	1: 1500Mhz *
1786619231	69.0	0: 1000Mhz *
1786619251	73.0	1: 1500Mhz *
1786619271	67.0	0: 1000Mhz *
1786619291	88.0	1: 1500Mhz *
1786619311	69.0	0: 1000Mhz *
1786619331	77.0	1: 1500Mhz *
1786619351	68.0	0: 1000Mhz *
1786619371	90.0	1: 1500Mhz *
1786619391	69.0	0: 1000Mhz *
1786619411	86.0	1: 1500Mhz *
1786619431	67.0	0: 1000Mhz *
1786619451	78.0	1: 1500Mhz *
1786619471	86.0	1: 1500Mhz *
1786619491	68.0	0: 1000Mhz *
1786619511	66.0	0: 1000Mhz *
1786619531	86.0	1: 1500Mhz *
1786619551	72.0	1: 1500Mhz *
1786619571	67.0	0: 1000Mhz *
1786619591	77.0	1: 1500Mhz *
1786619611	72.0	1: 1500Mhz *
1786619631	76.0	1: 1500Mhz *
1786619651	77.0	1: 1500Mhz *
1786619671	80.0	1: 1500Mhz *
1786619691	73.0	1: 1500Mhz *
1786619711	79.0	1: 1500Mhz *
1786619731	75.0	1: 1500Mhz *
1786619751	69.0	0: 1000Mhz *
1786619771	71.0	0: 1000Mhz *
1786619791	67.0	0: 1000Mhz *
1786619811	88.0	1: 1500Mhz *
1786619831	68.0	0: 1000Mhz *
1786619851	73.0	1: 1500Mhz *
1786619871	66.0	0: 1000Mhz *
1786619891	80.0	1: 1500Mhz *
1786619911	69.0	0: 1000Mhz *
1786619931	69.0	0: 1000Mhz *
1786619951	83.0	1: 1500Mhz *
1786619971	91.0	1: 1500Mhz *
1786619991	69.0	0: 1000Mhz *
1786620011	84.0	1: 1500Mhz *
1786620031	67.0	0: 1000Mhz *
1786620051	80.0	1: 1500Mhz *
1786620071	89.0	1: 1500Mhz *
1786620091	68.0	0: 1000Mhz *
1786620111	72.0	0: 1000Mhz *
1786620132	78.0	1: 1500Mhz *
1786620152	70.0	0: 1000Mhz *
1786620172	72.0	1: 1500Mhz *
1786620192	67.0	0: 1000Mhz *
1786620212	71.0	1: 1500Mhz *
1786620232	72.0	1: 1500Mhz *
1786620252	67.0	0: 1000Mhz *
1786620272	68.0	0: 1000Mhz *
1786620292	69.0	1: 1500Mhz *
1786620312	77.0	1: 1500Mhz *
1786620332	80.0	1: 1500Mhz *
1786620352	83.0	1: 1500Mhz *
1786620372	74.0	1: 1500Mhz *
1786620392	80.0	1: 1500Mhz *
1786620412	79.0	1: 1500Mhz *
1786620432	69.0	0: 1000Mhz *
1786620452	82.0	1: 1500Mhz *
1786620472	67.0	0: 1000Mhz *
1786620492	75.0	1: 1500Mhz *
1786620512	70.0	0: 1000Mhz *
1786620532	73.0	1: 1500Mhz *
1786620552	67.0	0: 1000Mhz *
1786620572	91.0	1: 1500Mhz *
1786620592	69.0	0: 1000Mhz *
1786620612	72.0	1: 1500Mhz *
1786620632	66.0	0: 1000Mhz *
1786620652	74.0	1: 1500Mhz *
1786620672	70.0	0: 1000Mhz *
1786620692	68.0	0: 1000Mhz *
1786620712	71.0	1: 1500Mhz *
1786620732	80.0	1: 1500Mhz *
1786620752	73.0	1: 1500Mhz *
1786620772	67.0	0: 1000Mhz *
1786620792	88.0	1: 1500Mhz *
1786620812	78.0	1: 1500Mhz *
1786620832	74.0	1: 1500Mhz *
1786620852	68.0	0: 1000Mhz *
1786620872	90.0	1: 1500Mhz *
1786620892	88.0	1: 1500Mhz *
1786620912	86.0	1: 1500Mhz *
1786620932	68.0	0: 1000Mhz *
1786620952	65.0	0: 1000Mhz *
1786620972	75.0	1: 1500Mhz *
1786620992	76.0	1: 1500Mhz *
1786621012	81.0	1: 1500Mhz *
1786621032	81.0	1: 1500Mhz *
1786621052	80.0	1: 1500Mhz *
1786621072	73.0	1: 1500Mhz *
1786621092	87.0	1: 1500Mhz *
1786621112	69.0	0: 1000Mhz *
1786621132	70.0	0: 1000Mhz *
1786621152	82.0	1: 1500Mhz *
1786621172	77.0	1: 1500Mhz *
1786621192	69.0	0: 1000Mhz *
1786621212	71.0	1: 1500Mhz *
1786621232	77.0	1: 1500Mhz *
1786621252	75.0	1: 1500Mhz *
1786621272	70.0	0: 1000Mhz *
1786621292	67.0	0: 1000Mhz *
1786621312	70.0	1: 1500Mhz *
1786621332	77.0	1: 1500Mhz *
1786621352	86.0	1: 1500Mhz *
1786621372	68.0	0: 1000Mhz *
1786621392	84.0	1: 1500Mhz *
1786621412	88.0	1: 1500Mhz *
1786621432	70.0	0: 1000Mhz *
1786621452	86.0	1: 1500Mhz *
1786621472	70.0	1: 1500Mhz *
1786621492	74.0	1: 1500Mhz *
1786621512	73.0	1: 1500Mhz *
1786621532	68.0	0: 1000Mhz *
1786621552	84.0	1: 1500Mhz *
1786621572	85.0	1: 1500Mhz *
1786621592	80.0	1: 1500Mhz *
1786621612	83.0	1: 1500Mhz *
1786621632	68.0	0: 1000Mhz *
1786621652	63.0	0: 1000Mhz *
1786621672	76.0	1: 1500Mhz *
1786621692	79.0	1: 1500Mhz *
1786621712	81.0	1: 1500Mhz *
1786621732	82.0	1: 1500Mhz *
1786621752	80.0	1: 1500Mhz *
1786621772	81.0	1: 1500Mhz *
1786621792	70.0	0: 1000Mhz *
1786621812	85.0	1: 1500Mhz *
1786621832	69.0	0: 1000Mhz *
1786621852	75.0	1: 1500Mhz *
1786621872	70.0	0: 1000Mhz *
1786621892	71.0	1: 1376Mhz *
1786621913	68.0	0: 1000Mhz *
1786621933	76.0	1: 1500Mhz *
1786621953	74.0	1: 1500Mhz *
1786621973	68.0	0: 1000Mhz *
1786621993	87.0	1: 1500Mhz *
1786622013	76.0	1: 1500Mhz *
1786622033	70.0	0: 1000Mhz *
1786622053	84.0	1: 1500Mhz *
1786622073	68.0	0: 1000Mhz *
1786622093	73.0	1: 1500Mhz *
1786622113	89.0	1: 1500Mhz *
1786622133	71.0	1: 1500Mhz *
1786622153	68.0	0: 1000Mhz *
1786622173	88.0	1: 1500Mhz *
1786622193	89.0	1: 1500Mhz *
1786622213	69.0	0: 1000Mhz *
1786622233	69.0	0: 1000Mhz *
1786622253	72.0	1: 1500Mhz *
1786622273	74.0	1: 1500Mhz *
1786622293	67.0	0: 1000Mhz *
1786622313	69.0	0: 1000Mhz *
1786622333	65.0	0: 1000Mhz *
1786622353	79.0	1: 1500Mhz *
1786622373	77.0	1: 1500Mhz *
1786622393	83.0	1: 1500Mhz *
1786622413	79.0	1: 1500Mhz *
1786622433	76.0	1: 1500Mhz *
1786622453	74.0	0: 1000Mhz *
1786622473	70.0	0: 1000Mhz *
1786622493	74.0	1: 1500Mhz *
1786622513	68.0	0: 1000Mhz *
1786622533	85.0	1: 1500Mhz *
1786622553	70.0	0: 1000Mhz *
1786622573	83.0	1: 1500Mhz *
1786622593	70.0	1: 1500Mhz *
1786622613	75.0	1: 1500Mhz *
1786622633	90.0	1: 1500Mhz *
1786622653	70.0	0: 1000Mhz *
1786622673	69.0	0: 1000Mhz *
1786622693	87.0	1: 1500Mhz *
1786622713	88.0	1: 1500Mhz *
1786622733	84.0	1: 1500Mhz *
1786622753	69.0	0: 1000Mhz *
1786622773	83.0	1: 1500Mhz *
1786622793	87.0	1: 1500Mhz *
1786622813	85.0	1: 1500Mhz *
1786622833	69.0	0: 1000Mhz *
1786622853	81.0	1: 1500Mhz *
1786622873	80.0	1: 1500Mhz *
1786622893	68.0	0: 1000Mhz *
1786622913	69.0	0: 1000Mhz *
1786622933	73.0	1: 1500Mhz *
1786622953	73.0	1: 1500Mhz *
1786622973	67.0	0: 1000Mhz *
1786622993	69.0	0: 1000Mhz *
1786623013	84.0	1: 1500Mhz *
1786623033	76.0	1: 1500Mhz *
1786623053	79.0	1: 1500Mhz *
1786623073	82.0	1: 1500Mhz *
1786623093	78.0	1: 1500Mhz *
1786623113	66.0	0: 1000Mhz *
1786623133	77.0	1: 1500Mhz *
1786623153	71.0	0: 1000Mhz *
1786623173	68.0	0: 1000Mhz *
1786623193	67.0	0: 1000Mhz *
1786623213	89.0	1: 1500Mhz *
1786623233	88.0	1: 1500Mhz *
1786623253	82.0	1: 1500Mhz *
1786623273	68.0	0: 1000Mhz *
1786623293	82.0	1: 1500Mhz *
1786623313	70.0	0: 1000Mhz *
1786623333	68.0	0: 1000Mhz *
1786623353	68.0	0: 1000Mhz *
1786623373	85.0	1: 1500Mhz *
1786623393	70.0	0: 1000Mhz *
1786623413	68.0	0: 1000Mhz *
1786623433	70.0	0: 1000Mhz *
1786623453	84.0	1: 1500Mhz *
1786623473	87.0	1: 1500Mhz *
1786623493	69.0	0: 1000Mhz *
1786623513	85.0	1: 1500Mhz *
1786623533	67.0	0: 1000Mhz *
1786623553	83.0	1: 1500Mhz *
1786623573	68.0	0: 1000Mhz *
1786623593	69.0	0: 1000Mhz *
1786623613	87.0	1: 1500Mhz *
1786623634	87.0	1: 1500Mhz *
1786623654	72.0	1: 1500Mhz *
1786623674	66.0	0: 1000Mhz *
1786623694	84.0	1: 1500Mhz *
1786623714	76.0	1: 1500Mhz *
1786623734	77.0	1: 1500Mhz *
1786623754	80.0	1: 1500Mhz *
1786623774	81.0	1: 1500Mhz *
1786623794	82.0	1: 1500Mhz *
1786623814	75.0	1: 1500Mhz *
1786623834	93.0	1: 1500Mhz *
1786623854	75.0	1: 1500Mhz *
1786623874	70.0	0: 1000Mhz *
1786623894	75.0	1: 1500Mhz *
1786623914	88.0	1: 1500Mhz *
1786623934	69.0	0: 1000Mhz *
1786623954	72.0	1: 1500Mhz *
1786623974	66.0	0: 1000Mhz *
1786623994	71.0	0: 1000Mhz *
1786624014	69.0	0: 1000Mhz *
1786624034	71.0	1: 1500Mhz *
1786624054	74.0	1: 1500Mhz *
1786624074	76.0	1: 1500Mhz *
1786624094	73.0	1: 1500Mhz *
1786624114	67.0	0: 1000Mhz *
1786624134	89.0	1: 1500Mhz *
1786624154	85.0	1: 1500Mhz *
1786624174	88.0	1: 1500Mhz *
1786624194	68.0	0: 1000Mhz *
1786624214	66.0	0: 1000Mhz *
1786624234	72.0	1: 1500Mhz *
1786624254	73.0	1: 1500Mhz *
1786624274	68.0	0: 1000Mhz *
1786624294	68.0	0: 1000Mhz *
1786624314	71.0	1: 1500Mhz *
1786624334	81.0	1: 1500Mhz *
1786624354	85.0	1: 1500Mhz *
1786624374	68.0	0: 1000Mhz *
1786624394	63.0	0: 1000Mhz *
1786624414	77.0	1: 1500Mhz *
1786624434	79.0	1: 1500Mhz *
1786624454	79.0	1: 1500Mhz *
1786624474	78.0	1: 1500Mhz *
1786624494	76.0	1: 1500Mhz *
1786624514	86.0	1: 1500Mhz *
1786624534	70.0	0: 1000Mhz *
1786624554	70.0	0: 1000Mhz *
1786624574	68.0	0: 1000Mhz *
1786624594	76.0	1: 1500Mhz *
1786624614	71.0	0: 1000Mhz *
1786624634	68.0	0: 1000Mhz *
1786624654	71.0	1: 1500Mhz *
1786624674	76.0	1: 1500Mhz *
1786624694	72.0	1: 1077Mhz *
1786624714	69.0	0: 1000Mhz *
1786624734	67.0	0: 1000Mhz *
1786624754	71.0	1: 1500Mhz *
1786624774	71.0	0: 1000Mhz *
1786624794	77.0	1: 1500Mhz *
1786624814	71.0	1: 1500Mhz *
1786624834	90.0	1: 1500Mhz *
1786624854	70.0	0: 1000Mhz *
1786624874	72.0	1: 1500Mhz *
1786624894	67.0	0: 1000Mhz *
1786624914	72.0	1: 1500Mhz *
1786624934	73.0	1: 1500Mhz *
1786624954	72.0	1: 1500Mhz *
1786624974	69.0	0: 1000Mhz *
1786624994	85.0	1: 1500Mhz *
1786625014	72.0	1: 1500Mhz *
1786625034	67.0	0: 1000Mhz *
1786625054	68.0	0: 1000Mhz *
1786625074	64.0	0: 1000Mhz *
1786625094	78.0	1: 1500Mhz *
1786625114	79.0	1: 1500Mhz *
1786625134	82.0	1: 1500Mhz *
1786625154	79.0	1: 1500Mhz *
1786625174	72.0	1: 1500Mhz *
1786625194	71.0	0: 1000Mhz *
1786625214	71.0	0: 1000Mhz *
1786625234	84.0	1: 1500Mhz *
1786625254	69.0	0: 1000Mhz *
1786625274	75.0	1: 1500Mhz *
1786625294	72.0	0: 1000Mhz *
1786625314	68.0	0: 1000Mhz *
1786625334	73.0	1: 1500Mhz *
1786625354	77.0	1: 1500Mhz *
1786625375	82.0	1: 1500Mhz *
1786625395	69.0	0: 1000Mhz *
1786625415	66.0	0: 1000Mhz *
1786625435	89.0	1: 1500Mhz *
1786625455	70.0	0: 1000Mhz *
1786625475	83.0	1: 1500Mhz *
1786625495	70.0	1: 1500Mhz *
1786625515	81.0	1: 1500Mhz *
1786625535	90.0	1: 1500Mhz *
1786625555	69.0	0: 1000Mhz *
1786625575	69.0	0: 1000Mhz *
1786625595	90.0	1: 1500Mhz *
1786625615	83.0	1: 1500Mhz *
1786625635	68.0	0: 1000Mhz *
1786625655	70.0	0: 1000Mhz *
1786625675	81.0	1: 1500Mhz *
1786625695	72.0	1: 1500Mhz *
1786625715	67.0	0: 1000Mhz *
1786625735	69.0	0: 1000Mhz *
1786625755	85.0	1: 1500Mhz *
1786625775	76.0	1: 1500Mhz *
1786625795	78.0	1: 1500Mhz *
1786625815	80.0	1: 1500Mhz *
1786625835	79.0	1: 1500Mhz *
1786625855	66.0	0: 1000Mhz *
1786625875	77.0	1: 1500Mhz *
1786625895	73.0	0: 1000Mhz *
1786625915	68.0	0: 1000Mhz *
1786625935	67.0	0: 1000Mhz *
1786625955	88.0	1: 1500Mhz *
1786625975	74.0	1: 1500Mhz *
1786625995	68.0	0: 1000Mhz *
1786626015	69.0	0: 1000Mhz *
1786626035	72.0	1: 1500Mhz *
1786626055	86.0	1: 1500Mhz *
1786626075	81.0	1: 1500Mhz *
1786626095	69.0	0: 1000Mhz *
1786626115	82.0	1: 1500Mhz *
1786626135	87.0	1: 1500Mhz *
1786626155	68.0	0: 1000Mhz *
1786626175	69.0	0: 1000Mhz *
1786626195	81.0	1: 1500Mhz *
1786626215	73.0	1: 1500Mhz *
1786626235	69.0	0: 1000Mhz *
1786626255	68.0	0: 1000Mhz *
1786626275	71.0	1: 1500Mhz *
1786626295	85.0	1: 1500Mhz *
1786626315	69.0	0: 1000Mhz *
1786626335	71.0	1: 1500Mhz *
1786626355	80.0	1: 1500Mhz *
1786626375	74.0	1: 1500Mhz *
1786626395	69.0	0: 1000Mhz *
1786626415	67.0	0: 1000Mhz *
1786626435	69.0	1: 1500Mhz *
1786626455	75.0	1: 1500Mhz *
1786626475	77.0	1: 1500Mhz *
1786626495	79.0	1: 1500Mhz *
1786626515	69.0	0: 1000Mhz *
1786626535	79.0	1: 1500Mhz *
1786626555	87.0	1: 1500Mhz *
1786626575	72.0	0: 1000Mhz *
1786626595	69.0	0: 1000Mhz *
1786626615	70.0	0: 1000Mhz *
1786626635	86.0	1: 1500Mhz *
1786626655	74.0	1: 1500Mhz *
1786626675	68.0	0: 1000Mhz *
1786626695	69.0	0: 1000Mhz *
1786626715	80.0	1: 1500Mhz *
1786626735	86.0	1: 1500Mhz *
1786626755	68.0	0: 1000Mhz *
1786626775	70.0	0: 1000Mhz *
1786626795	82.0	1: 1500Mhz *
1786626815	69.0	0: 1000Mhz *
1786626835	69.0	0: 1000Mhz *
1786626855	71.0	1: 1500Mhz *
1786626875	68.0	0: 1000Mhz *
1786626895	87.0	1: 1500Mhz *
1786626915	69.0	0: 1000Mhz *
1786626935	73.0	1: 1500Mhz *
1786626955	67.0	0: 1000Mhz *
1786626975	79.0	1: 1500Mhz *
1786626995	74.0	1: 1500Mhz *
1786627015	68.0	0: 1000Mhz *
1786627035	88.0	1: 1500Mhz *
1786627055	71.0	1: 1500Mhz *
1786627075	73.0	1: 1500Mhz *
1786627095	67.0	0: 1000Mhz *
1786627115	67.0	0: 1000Mhz *
1786627135	63.0	0: 1000Mhz *
1786627156	78.0	1: 1500Mhz *
1786627176	77.0	1: 1500Mhz *
1786627196	81.0	1: 1500Mhz *
1786627216	76.0	1: 1500Mhz *
1786627236	79.0	1: 1500Mhz *
1786627256	77.0	1: 1500Mhz *
1786627276	69.0	0: 1000Mhz *
1786627296	70.0	0: 1000Mhz *
1786627316	67.0	0: 1000Mhz *
1786627336	76.0	1: 1500Mhz *
1786627356	73.0	1: 1500Mhz *
1786627376	68.0	0: 1000Mhz *
1786627396	87.0	1: 1500Mhz *
1786627416	83.0	1: 1500Mhz *
1786627436	71.0	0: 1000Mhz *
1786627456	79.0	1: 1500Mhz *
1786627476	72.0	1: 1500Mhz *
1786627496	88.0	1: 1500Mhz *
1786627516	75.0	1: 1500Mhz *
1786627536	69.0	0: 1000Mhz *
1786627556	69.0	0: 1000Mhz *
1786627576	72.0	1: 1500Mhz *
1786627596	89.0	1: 1500Mhz *
1786627616	72.0	1: 1500Mhz *
1786627636	69.0	0: 1000Mhz *
1786627656	80.0	1: 1500Mhz *
1786627676	74.0	1: 1500Mhz *
1786627696	68.0	0: 1000Mhz *
1786627716	70.0	0: 1000Mhz *
1786627736	81.0	1: 1500Mhz *
1786627756	81.0	1: 1500Mhz *
1786627776	67.0	0: 1000Mhz *
1786627796	72.0	1: 1500Mhz *
1786627816	66.0	0: 1000Mhz *
1786627836	76.0	1: 1500Mhz *
1786627856	79.0	1: 1500Mhz *
1786627876	80.0	1: 1500Mhz *
1786627896	79.0	1: 1500Mhz *
1786627916	66.0	0: 1000Mhz *
1786627936	77.0	1: 1500Mhz *
1786627956	71.0	0: 1000Mhz *
1786627976	68.0	0: 1000Mhz *
1786627996	87.0	1: 1500Mhz *
1786628016	75.0	1: 1500Mhz *
1786628036	70.0	0: 1000Mhz *
1786628056	72.0	1: 1500Mhz *
1786628076	67.0	0: 1000Mhz *
1786628096	88.0	1: 1500Mhz *
1786628116	90.0	1: 1500Mhz *
1786628136	69.0	0: 1000Mhz *
1786628156	68.0	0: 1000Mhz *
1786628176	89.0	1: 1500Mhz *
1786628196	83.0	1: 1500Mhz *
1786628216	71.0	0: 1000Mhz *
1786628236	68.0	0: 1000Mhz *
1786628256	85.0	1: 1500Mhz *
1786628276	72.0	1: 1500Mhz *
1786628296	68.0	0: 1000Mhz *
1786628316	69.0	0: 1000Mhz *
1786628336	79.0	1: 1500Mhz *
1786628356	75.0	1: 1500Mhz *
1786628376	68.0	0: 1000Mhz *
1786628396	69.0	0: 1000Mhz *
1786628416	88.0	1: 1500Mhz *
1786628436	73.0	1: 1500Mhz *
1786628456	67.0	0: 1000Mhz *
1786628476	72.0	1: 1500Mhz *
1786628496	66.0	0: 1000Mhz *
1786628516	78.0	1: 1500Mhz *
1786628536	77.0	1: 1500Mhz *
1786628556	79.0	1: 1500Mhz *
1786628576	79.0	1: 1500Mhz *
1786628596	67.0	0: 1000Mhz *
1786628616	76.0	1: 1500Mhz *
1786628636	87.0	1: 1500Mhz *
1786628656	73.0	1: 1500Mhz *
1786628676	72.0	1: 1500Mhz *
1786628696	68.0	0: 1000Mhz *
1786628716	74.0	1: 1500Mhz *
1786628736	68.0	0: 1000Mhz *
1786628756	69.0	0: 1000Mhz *
1786628776	80.0	1: 1500Mhz *
1786628796	76.0	1: 1500Mhz *
1786628816	69.0	0: 1000Mhz *
1786628836	70.0	0: 1000Mhz *
1786628856	83.0	1: 1500Mhz *
1786628876	88.0	1: 1500Mhz *
1786628896	68.0	0: 1000Mhz *
1786628917	73.0	1: 1500Mhz *
1786628937	66.0	0: 1000Mhz *
1786628957	73.0	1: 1500Mhz *
1786628977	69.0	0: 1000Mhz *
1786628997	68.0	0: 1000Mhz *
1786629017	71.0	1: 1500Mhz *
1786629037	85.0	1: 1500Mhz *
1786629057	69.0	0: 1000Mhz *
1786629077	86.0	1: 1500Mhz *
1786629097	67.0	0: 1000Mhz *
1786629117	79.0	1: 1500Mhz *
1786629137	83.0	1: 1500Mhz *
1786629157	68.0	0: 1000Mhz *
1786629177	65.0	0: 1000Mhz *
1786629197	76.0	1: 1500Mhz *
1786629217	76.0	1: 1500Mhz *
1786629237	82.0	1: 1500Mhz *
1786629257	82.0	1: 1500Mhz *
1786629277	78.0	1: 1500Mhz *
1786629297	73.0	1: 1500Mhz *
1786629317	75.0	1: 1500Mhz *
1786629337	85.0	1: 1500Mhz *
1786629357	70.0	0: 1000Mhz *
1786629377	77.0	1: 1500Mhz *
1786629397	84.0	1: 1500Mhz *
1786629417	69.0	0: 1000Mhz *
1786629437	70.0	0: 1000Mhz *
1786629457	85.0	1: 1500Mhz *
1786629477	86.0	1: 1500Mhz *
1786629497	69.0	0: 1000Mhz *
1786629517	72.0	1: 1500Mhz *
1786629537	82.0	1: 1500Mhz *
1786629557	86.0	1: 1500Mhz *
1786629577	70.0	0: 1000Mhz *
1786629597	81.0	1: 1500Mhz *
1786629617	67.0	0: 1000Mhz *
1786629637	74.0	1: 1500Mhz *
1786629657	73.0	1: 1500Mhz *
1786629677	68.0	0: 1000Mhz *
1786629697	90.0	1: 1500Mhz *
1786629717	79.0	1: 1500Mhz *
1786629737	87.0	1: 1500Mhz *
1786629757	68.0	0: 1000Mhz *
1786629777	66.0	0: 1000Mhz *
1786629797	87.0	1: 1500Mhz *
1786629817	69.0	0: 1000Mhz *
1786629837	85.0	1: 1500Mhz *
1786629857	67.0	0: 1000Mhz *
1786629877	76.0	1: 1500Mhz *
1786629897	78.0	1: 1500Mhz *
1786629917	79.0	1: 1500Mhz *
1786629937	81.0	1: 1500Mhz *
1786629957	80.0	1: 1500Mhz *
1786629977	85.0	1: 1500Mhz *
1786629997	91.0	1: 1500Mhz *
1786630017	70.0	0: 1000Mhz *
1786630037	71.0	0: 1000Mhz *
1786630057	81.0	1: 1500Mhz *
1786630077	88.0	1: 1500Mhz *
1786630097	69.0	0: 1000Mhz *
1786630117	74.0	1: 1500Mhz *
1786630137	67.0	0: 1000Mhz *
1786630157	73.0	1: 1500Mhz *
1786630177	69.0	0: 1000Mhz *
1786630197	72.0	1: 1500Mhz *
1786630217	69.0	0: 1000Mhz *
1786630237	89.0	1: 1500Mhz *
1786630257	73.0	1: 1500Mhz *
1786630277	67.0	0: 1000Mhz *
1786630297	89.0	1: 1500Mhz *
1786630317	87.0	1: 1500Mhz *
1786630337	70.0	0: 1000Mhz *
1786630357	87.0	1: 1500Mhz *
1786630377	69.0	1: 1500Mhz *
1786630397	77.0	1: 1500Mhz *
1786630417	88.0	1: 1500Mhz *
1786630437	68.0	0: 1000Mhz *
1786630457	68.0	0: 1000Mhz *
1786630477	74.0	1: 1500Mhz *
1786630497	71.0	1: 1500Mhz *
1786630517	67.0	0: 1000Mhz *
1786630537	69.0	0: 1000Mhz *
1786630557	65.0	0: 1000Mhz *
1786630577	78.0	1: 1500Mhz *
1786630597	78.0	1: 1500Mhz *
1786630617	78.0	1: 1500Mhz *
1786630637	76.0	1: 1500Mhz *
1786630657	75.0	1: 1500Mhz *
1786630677	88.0	1: 1500Mhz *
1786630698	70.0	0: 1000Mhz *
1786630718	84.0	1: 1500Mhz *
1786630738	69.0	0: 1000Mhz *
1786630758	76.0	1: 1500Mhz *
1786630778	85.0	1: 1500Mhz *
1786630798	68.0	0: 1000Mhz *
1786630818	67.0	0: 1000Mhz *
1786630838	90.0	1: 1500Mhz *
1786630858	70.0	0: 1000Mhz *
1786630878	76.0	1: 1500Mhz *
1786630898	68.0	0: 1000Mhz *
1786630918	89.0	1: 1500Mhz *
1786630938	73.0	1: 1500Mhz *
1786630958	72.0	1: 1500Mhz *
1786630978	68.0	0: 1000Mhz *
1786630998	88.0	1: 1500Mhz *
1786631018	74.0	1: 1500Mhz *
1786631038	87.0	1: 1500Mhz *
1786631058	69.0	0: 1000Mhz *
1786631078	82.0	1: 1500Mhz *
1786631098	70.0	0: 1000Mhz *
1786631118	67.0	0: 1000Mhz *
1786631138	69.0	0: 1000Mhz *
1786631158	80.0	1: 1500Mhz *
1786631178	80.0	1: 1500Mhz *
1786631198	67.0	0: 1000Mhz *
1786631218	69.0	0: 1000Mhz *
1786631238	84.0	1: 1500Mhz *
1786631258	78.0	1: 1500Mhz *
1786631278	77.0	1: 1500Mhz *
1786631298	81.0	1: 1500Mhz *
1786631318	77.0	1: 1500Mhz *
1786631338	67.0	0: 1000Mhz *
1786631358	74.0	1: 1500Mhz *
1786631378	71.0	0: 1000Mhz *
1786631398	82.0	1: 1500Mhz *
1786631418	71.0	1: 1500Mhz *
1786631438	87.0	1: 1500Mhz *
1786631458	71.0	0: 1000Mhz *
1786631478	83.0	1: 1500Mhz *
1786631498	71.0	1: 1500Mhz *
1786631518	90.0	1: 1500Mhz *
1786631538	74.0	1: 1500Mhz *
1786631558	68.0	0: 1000Mhz *
1786631578	83.0	1: 1500Mhz *
1786631598	69.0	0: 1000Mhz *
1786631618	87.0	1: 1500Mhz *
1786631638	72.0	1: 1500Mhz *
1786631658	69.0	0: 1000Mhz *
1786631678	72.0	1: 1500Mhz *
1786631698	84.0	1: 1500Mhz *
1786631718	66.0	0: 1000Mhz *
1786631738	69.0	0: 1000Mhz *
1786631758	74.0	1: 1500Mhz *
1786631778	73.0	1: 1500Mhz *
1786631798	68.0	0: 1000Mhz *
1786631818	70.0	0: 1000Mhz *
1786631838	80.0	1: 1500Mhz *
1786631858	80.0	1: 1500Mhz *
1786631878	67.0	0: 1000Mhz *
1786631898	67.0	0: 1000Mhz *
1786631918	69.0	1: 1500Mhz *
1786631938	75.0	1: 1500Mhz *
1786631958	77.0	1: 1500Mhz *
1786631978	80.0	1: 1500Mhz *
1786631998	68.0	1: 1500Mhz *
1786632018	68.0	0: 1000Mhz *
1786632038	75.0	1: 1500Mhz *
1786632058	86.0	1: 1500Mhz *
1786632078	73.0	1: 1500Mhz *
1786632098	72.0	1: 1500Mhz *
1786632118	83.0	1: 1500Mhz *
1786632138	82.0	1: 1500Mhz *
1786632158	72.0	1: 1500Mhz *
1786632178	70.0	0: 1000Mhz *
1786632198	71.0	1: 1500Mhz *
1786632218	74.0	1: 1500Mhz *
1786632238	67.0	0: 1000Mhz *
1786632258	69.0	0: 1000Mhz *
1786632278	81.0	1: 1500Mhz *
1786632298	87.0	1: 1500Mhz *
1786632318	67.0	0: 1000Mhz *
1786632338	69.0	0: 1000Mhz *
1786632358	81.0	1: 1500Mhz *
1786632378	84.0	1: 1500Mhz *
1786632398	68.0	0: 1000Mhz *
1786632418	69.0	0: 1000Mhz *
1786632439	89.0	1: 1500Mhz *
1786632459	79.0	1: 1500Mhz *
1786632479	68.0	0: 1000Mhz *
1786632499	73.0	1: 1500Mhz *
1786632519	66.0	0: 1000Mhz *
1786632539	75.0	1: 1500Mhz *
1786632559	68.0	0: 1000Mhz *
1786632579	70.0	1: 1500Mhz *
1786632599	76.0	1: 1500Mhz *
1786632619	75.0	1: 1500Mhz *
1786632639	76.0	1: 1500Mhz *
1786632659	80.0	1: 1500Mhz *
1786632679	68.0	0: 1000Mhz *
1786632699	73.0	1: 1500Mhz *
1786632719	78.0	1: 1500Mhz *
1786632739	71.0	0: 1000Mhz *
1786632759	69.0	0: 1000Mhz *
1786632779	69.0	0: 1000Mhz *
1786632799	86.0	1: 1500Mhz *
1786632819	90.0	1: 1500Mhz *
1786632839	84.0	1: 1500Mhz *
1786632859	69.0	0: 1000Mhz *
1786632879	84.0	1: 1500Mhz *
1786632899	74.0	1: 1500Mhz *
1786632919	68.0	0: 1000Mhz *
1786632939	73.0	1: 1500Mhz *
1786632959	66.0	0: 1000Mhz *
1786632979	88.0	1: 1500Mhz *
1786632999	69.0	0: 1000Mhz *
1786633019	85.0	1: 1500Mhz *
1786633039	67.0	0: 1000Mhz *
1786633059	87.0	1: 1500Mhz *
1786633079	69.0	0: 1000Mhz *
1786633099	70.0	0: 1000Mhz *
1786633119	86.0	1: 1500Mhz *
1786633139	74.0	1: 1500Mhz *
1786633159	69.0	0: 1000Mhz *
1786633179	68.0	0: 1000Mhz *
1786633199	67.0	0: 1000Mhz *
1786633219	85.0	1: 1500Mhz *
1786633239	69.0	0: 1000Mhz *
1786633259	67.0	0: 1000Mhz *
1786633279	69.0	1: 1500Mhz *
1786633299	75.0	1: 1500Mhz *
1786633319	79.0	1: 1500Mhz *
1786633339	79.0	1: 1500Mhz *
1786633359	69.0	0: 1000Mhz *
1786633379	79.0	1: 1500Mhz *
1786633399	84.0	1: 1500Mhz *
1786633419	91.0	1: 1500Mhz *
1786633439	70.0	0: 1000Mhz *
1786633459	69.0	0: 1000Mhz *
1786633479	86.0	1: 1500Mhz *
1786633499	73.0	1: 1500Mhz *
1786633519	68.0	0: 1000Mhz *
1786633539	73.0	1: 1500Mhz *
1786633559	67.0	0: 1000Mhz *
1786633579	73.0	1: 1500Mhz *
1786633599	68.0	0: 1000Mhz *
1786633619	71.0	1: 1500Mhz *
1786633639	81.0	1: 1500Mhz *
1786633659	87.0	1: 1500Mhz *
1786633679	69.0	0: 1000Mhz *
1786633699	67.0	0: 1000Mhz *
1786633719	67.0	0: 1000Mhz *
1786633739	74.0	1: 1500Mhz *
1786633759	69.0	0: 1000Mhz *
1786633779	71.0	0: 1000Mhz *
1786633799	67.0	0: 1000Mhz *
1786633819	78.0	1: 1500Mhz *
1786633839	90.0	1: 1500Mhz *
1786633859	68.0	0: 1000Mhz *
1786633879	67.0	0: 1000Mhz *
1786633899	71.0	1: 1500Mhz *
1786633919	72.0	1: 1500Mhz *
1786633939	68.0	0: 1000Mhz *
1786633959	70.0	0: 1000Mhz *
1786633979	67.0	1: 1500Mhz *
1786633999	78.0	1: 1500Mhz *
1786634019	79.0	1: 1500Mhz *
1786634039	81.0	1: 1500Mhz *
1786634059	74.0	1: 1500Mhz *
1786634079	81.0	1: 1500Mhz *
1786634099	90.0	1: 1500Mhz *
1786634119	70.0	0: 1000Mhz *
1786634139	79.0	1: 1500Mhz *
1786634159	69.0	0: 1000Mhz *
1786634179	70.0	0: 1000Mhz *
1786634199	69.0	0: 1000Mhz *
1786634220	69.0	0: 1000Mhz *
1786634240	74.0	1: 1500Mhz *
1786634260	86.0	1: 1500Mhz *
1786634280	70.0	0: 1000Mhz *
1786634300	68.0	0: 1000Mhz *
1786634320	67.0	0: 1000Mhz *
1786634340	77.0	1: 1500Mhz *
1786634360	70.0	0: 1000Mhz *
1786634380	71.0	1: 1500Mhz *
1786634400	66.0	0: 1000Mhz *
1786634420	92.0	1: 1500Mhz *
1786634440	70.0	0: 1000Mhz *
1786634460	73.0	1: 1500Mhz *
1786634480	67.0	0: 1000Mhz *
1786634500	73.0	1: 1500Mhz *
1786634520	70.0	0: 1000Mhz *
1786634540	77.0	1: 1500Mhz *
1786634560	71.0	1: 1500Mhz *
1786634580	68.0	0: 1000Mhz *
1786634600	73.0	1: 1500Mhz *
1786634620	84.0	1: 1500Mhz *
1786634640	69.0	0: 1000Mhz *
1786634660	64.0	0: 1000Mhz *
1786634680	75.0	1: 1500Mhz *
1786634700	80.0	1: 1500Mhz *
1786634720	81.0	1: 1500Mhz *
1786634740	77.0	1: 1500Mhz *
1786634760	76.0	1: 1500Mhz *
1786634780	89.0	1: 1500Mhz *
1786634800	69.0	0: 1000Mhz *
1786634820	74.0	1: 1500Mhz *
1786634840	67.0	0: 1000Mhz *
1786634860	88.0	1: 1500Mhz *
1786634880	70.0	0: 1000Mhz *
1786634900	68.0	0: 1000Mhz *
1786634920	68.0	0: 1000Mhz *
1786634940	77.0	1: 1500Mhz *
1786634960	70.0	0: 1000Mhz *
1786634980	71.0	1: 1500Mhz *
1786635000	67.0	0: 1000Mhz *
1786635020	78.0	1: 1500Mhz *
1786635040	70.0	0: 1000Mhz *
1786635060	84.0	1: 1500Mhz *
1786635080	69.0	1: 1500Mhz *
1786635100	88.0	1: 1500Mhz *
1786635120	72.0	1: 1500Mhz *
1786635140	72.0	1: 1500Mhz *
1786635160	68.0	0: 1000Mhz *
1786635180	74.0	1: 1500Mhz *
1786635200	73.0	1: 1500Mhz *
1786635220	67.0	0: 1000Mhz *
1786635240	69.0	0: 1000Mhz *
1786635260	81.0	1: 1500Mhz *
1786635280	86.0	1: 1500Mhz *
1786635300	67.0	0: 1000Mhz *
1786635320	72.0	1: 1500Mhz *
1786635340	66.0	0: 1000Mhz *
1786635360	75.0	1: 1500Mhz *
1786635380	79.0	1: 1500Mhz *
1786635400	81.0	1: 1500Mhz *
1786635420	79.0	1: 1500Mhz *
1786635440	67.0	0: 1000Mhz *
1786635460	92.0	1: 1500Mhz *
1786635480	71.0	0: 1000Mhz *
1786635500	71.0	1: 1081Mhz *
1786635520	72.0	1: 1500Mhz *
1786635540	86.0	1: 1500Mhz *
1786635560	70.0	0: 1000Mhz *
1786635580	72.0	1: 1500Mhz *
1786635600	67.0	0: 1000Mhz *
1786635620	69.0	0: 1000Mhz *
1786635640	74.0	1: 1500Mhz *
1786635660	68.0	0: 1000Mhz *
1786635680	69.0	0: 1000Mhz *
1786635700	74.0	1: 1500Mhz *
1786635720	85.0	1: 1500Mhz *
1786635740	68.0	0: 1000Mhz *
1786635760	69.0	0: 1000Mhz *
1786635780	80.0	1: 1500Mhz *
1786635800	87.0	1: 1500Mhz *
1786635820	68.0	0: 1000Mhz *
1786635840	84.0	1: 1500Mhz *
1786635860	67.0	0: 1000Mhz *
1786635880	74.0	1: 1500Mhz *
1786635900	69.0	0: 1000Mhz *
1786635920	72.0	1: 1500Mhz *
1786635940	84.0	1: 1500Mhz *
1786635961	87.0	1: 1500Mhz *
1786635981	68.0	0: 1000Mhz *
1786636001	84.0	1: 1500Mhz *
1786636021	66.0	0: 1000Mhz *
1786636041	76.0	1: 1500Mhz *
1786636061	78.0	1: 1500Mhz *
1786636081	80.0	1: 1500Mhz *
1786636101	67.0	0: 1000Mhz *
1786636121	78.0	1: 1500Mhz *
1786636141	74.0	1: 1500Mhz *
1786636161	81.0	1: 1500Mhz *
1786636181	73.0	1: 1500Mhz *
1786636201	70.0	0: 1000Mhz *
1786636221	82.0	1: 1500Mhz *
1786636241	73.0	1: 1500Mhz *
1786636261	69.0	0: 1000Mhz *
1786636281	83.0	1: 1500Mhz *
1786636301	67.0	0: 1000Mhz *
1786636321	87.0	1: 1500Mhz *
1786636341	69.0	0: 1000Mhz *
1786636361	68.0	0: 1000Mhz *
1786636381	70.0	1: 1500Mhz *
1786636401	73.0	1: 1500Mhz *
1786636421	69.0	0: 1000Mhz *
1786636441	84.0	1: 1500Mhz *
1786636461	67.0	0: 1000Mhz *
1786636481	89.0	1: 1500Mhz *
1786636501	70.0	0: 1000Mhz *
1786636521	68.0	0: 1000Mhz *
1786636541	68.0	0: 1000Mhz *
1786636561	74.0	1: 1500Mhz *
1786636581	70.0	0: 1000Mhz *
1786636601	67.0	0: 1000Mhz *
1786636621	70.0	1: 1500Mhz *
1786636641	87.0	1: 1500Mhz *
1786636661	72.0	1: 1500Mhz *
1786636681	67.0	0: 1000Mhz *
1786636701	85.0	1: 1500Mhz *
1786636721	74.0	1: 1500Mhz *
1786636741	77.0	1: 1500Mhz *
1786636761	78.0	1: 1500Mhz *
1786636781	80.0	1: 1500Mhz *
1786636801	78.0	1: 1500Mhz *
1786636821	77.0	1: 1500Mhz *
1786636841	85.0	0: 1000Mhz *
1786636861	75.0	1: 1500Mhz *
1786636881	69.0	0: 1000Mhz *
1786636901	82.0	1: 1500Mhz *
1786636921	87.0	1: 1500Mhz *
1786636941	69.0	0: 1000Mhz *
1786636961	70.0	0: 1000Mhz *
1786636981	85.0	1: 1500Mhz *
1786637001	85.0	1: 1500Mhz *
1786637021	69.0	0: 1000Mhz *
1786637041	68.0	0: 1000Mhz *
1786637061	84.0	1: 1500Mhz *
1786637081	74.0	1: 1500Mhz *
1786637101	69.0	0: 1000Mhz *
1786637121	69.0	0: 1000Mhz *
1786637141	84.0	1: 1500Mhz *
1786637161	86.0	1: 1500Mhz *
1786637181	69.0	0: 1000Mhz *
1786637201	82.0	1: 1500Mhz *
1786637221	67.0	0: 1000Mhz *
1786637241	74.0	1: 1500Mhz *
1786637261	70.0	0: 1000Mhz *
1786637281	67.0	0: 1000Mhz *
1786637301	67.0	0: 1000Mhz *
1786637321	82.0	1: 1500Mhz *
1786637341	70.0	0: 1000Mhz *
1786637361	67.0	0: 1000Mhz *
1786637381	70.0	1: 1500Mhz *
1786637401	75.0	1: 1500Mhz *
1786637421	79.0	1: 1500Mhz *
1786637441	78.0	1: 1500Mhz *
1786637461	73.0	1: 1500Mhz *
1786637481	78.0	1: 1500Mhz *
1786637501	91.0	1: 1500Mhz *
1786637521	94.0	1: 1500Mhz *
1786637541	76.0	1: 1500Mhz *
1786637561	70.0	0: 1000Mhz *
1786637581	81.0	1: 1500Mhz *
1786637601	74.0	1: 1500Mhz *
1786637621	69.0	0: 1000Mhz *
1786637641	72.0	1: 1500Mhz *
1786637661	67.0	0: 1000Mhz *
1786637681	74.0	1: 1500Mhz *
1786637702	68.0	0: 1000Mhz *
1786637722	72.0	1: 1500Mhz *
1786637742	76.0	1: 1500Mhz *
1786637762	76.0	1: 1500Mhz *
1786637782	73.0	1: 1500Mhz *
1786637802	68.0	0: 1000Mhz *
1786637822	73.0	1: 1500Mhz *
1786637842	85.0	1: 1500Mhz *
1786637862	73.0	1: 1500Mhz *
1786637882	68.0	0: 1000Mhz *
1786637902	82.0	1: 1500Mhz *
1786637922	89.0	1: 1500Mhz *
1786637942	70.0	0: 1000Mhz *
1786637962	69.0	0: 1000Mhz *
1786637982	72.0	1: 1500Mhz *
1786638002	84.0	1: 1500Mhz *
1786638022	79.0	1: 1500Mhz *
1786638042	76.0	1: 1500Mhz *
1786638062	68.0	0: 1000Mhz *
